"1, 2-Hexanediol"
10-Hydroxydecanoic Acid
4-T-butylcyclohexanol
Acacia farnesiana extract
acacia senegal gum
acai
acerola fruit extract
acetic acid
acetone
acetylated castor oil
acetylated hydrogenated cottonseed glyceride
acetylated lanolin
acetylated lanolin alcohol
acetylated palm kernel glycerides
acetyl carnitine HCL
acetyl glucosamine
acetyl glyceryl ricinoleate
acetyl hexapeptide-8
acetyl octapeptide-3
acetyl tributyl citrate
acetyl tyrosine
Achillea millefolium
acid
acne soap
acrylate
acrylates/C10-30 alkyl acrylate crosspolymer
acrylates/dimethicone copolymer
acrylates/steareth-20 methacrylate copolymer
acrylates copolymer
Actaea racemosa
adenosine
adenosine triphosphate
adipic acid/neopentyl glycol/trimellitic anhydride copolymer
advanced glycation endproduct (AGE)
Aerocarpus santalinus
Aesculus hippocastanum
agar
AGE
Agrimonia eupatoria leaf extract
AHA
Ahnfeltia concinna extract
ahnfeltia extract
Ahnfeltiopsis concinna extract
alanine
Alaria esculenta
albumin
alcloxa
alcohol
Aleurites moluccana seed oil
alfalfa extract
algae
algae extract
algin
aliphatic hydrocarbon
alkaline
alkyloamides
allantoin
allyl methacrylates crosspolymer
almond oil
Aloe barbadensis
aloe barbadensis leaf juice extract
aloe barbadensis leaf juice powder
aloe extract
aloe juice
aloe vera
alpha bisabolol
alpha glucan oligosaccharide
alpha hydroxy acid
alpha isomethyl ionone
alpha lipoic acid
alpha-tocopherol
Alteromonas ferment extract
Althaea rosea
Althea officinalis
alumina
aluminum
Aluminum hydroxide
aluminum magnesium silicate
aluminum powder
aluminum silicate
aluminum starch octenylsuccinate
aluminum stearate
aluminum sulfate
amino acid
aminobutyric acid
aminomethyl propanediol
aminomethyl propanol
ammonium acryloyldimethyltaurate/VP copolymer
ammonium chloride
ammonium glycolate
ammonium hydroxide
ammonium laureth sulfate
ammonium lauryl sulfate
amodimethicone
amygdalic acid
amyl cinnamate
amyl salicylate
amyris oil
Anacyclus pyrethrum
Anacystis nidulans extract
Ananas sativus fruit extract
andiroba oil
Anethum graveolens
Angelica archangelica root oil
Angelica polymorpha sinensis root extract
anhydroxylitol
anisaldehyde
anise
annato extract
Anthemis nobilis flower extract
anthocyanin
antioxidant
apple fruit extract
apricot kernel
apricot kernel oil
arachidic acid
arachidyl alcohol
arachidyl glucoside
arachidyl propionate
Arachis hypogaea extract
arbutin
Arctium lappa
Arctium majus
Arctostaphylos uva ursi leaf
Argania spinosa
argan oil
arginine
Argireline
arnica extract
aroma/flavor
arrowroot
artemia extract
Artemisia absinthium extract
Artemisia vulgaris
Ascophyllum nodosum
ascorbic acid
ascorbyl glucosamine
ascorbyl glucoside
ascorbyl methylsilanol pectinate
ascorbyl palmitate
asparagine
Asparagopsis armata extract
aspartic acid
astaxanthin
astaxanthin extract
Astragalus membranaceus
Astragalus sinicus
Astrocaryum murumuru seed butter
ATP
atractylodes macrocephala root powder
Atractyloydes lancea root extract
Avena sativa
avobenzone
avocado oil
awapuhi
Azadirachta indica
azelaic acid
azelaoyl bis-dipeptide-10
Azelex
azuki beans
azulene
babassu oil
bakuchiol
balm mint extract
balsam peru
Bambusa vulgaris (bamboo) leaf/stem extract
banana extract
barberry
barium sulfate
barley extract
batyl alcohol
bay leaf oil
bearberry extract
bee pollen
beeswax
beet root extract
beheneth-5
behenic acid
behentrimonium chloride
behenyl alcohol
Bellis perennis
bentonite
benzalkonium chloride
benzephenone-3
benzoic acid
benzoin extract
benzophenone
benzothonium chloride
benzoyl peroxide
benzyl alcohol
benzyl salicylate
Berberis aristata
bergamot oil
Bertholletia excelsa extract
beta-carotene
beta-glucan
beta hydroxy acid
betaine salicylate
beta-sitosterol
Beta vulgaris root extract
Betula alba
BHA (beta hydroxy acid)
BHT
bifida ferment lysate
bilberry extract
bioflavonoid
biotin
birch bark extract
birch leaf extract
bisabolol
bis-diglyceryl polyacyladipate
bismuth oxychloride
bis-PEG-18 methyl ether dimethyl silane
bis-phenylpropyl dimethicone
bitter orange flower
blackberry
black cohosh
black currant oil
black elderberry
black locust extract
black mulberry
black pepper extract and oil
black raspberry
black tea
bladderwrack extract
bloodwort
blue 1
blue 1 lake
Boerhavia diffusa root extract
bois de rose oil
bois oil
borage seed extract
borage seed oil
Borago officinalis extract
Borago officinalis seed oil
borate
borax
boric acid
boron nitride
Boswellia carterii
Boswellia serrata extract
botanicals
boysenberry
Brassica campestris
Brazil nut extract
broad spectrum
bromelain
bronopol
bronze powder
Buddleja davidii extract
bumetrizole
Bupleurum falcatum extract
burdock root
butyl acetate
butylene glycol
butyl methoxydibenzoylmethane
butylparaben
butylphenyl methylpropional
Butyrospermum fruit
Butyrospermum parkii
Butyrosperum parkii (shea) butter extract
Buxus chinensis
C10-30 cholesterol/lanosterol esters
C11-15 pareth-7
C12-15 alkyl benzoate
C12-16 pareth-9
C12-18 acid triglyceride
C13-14 isoparaffin
C18-36 acid triglyceride
C20-40 pareth-40
caffeic acid
caffeine
cajeputi oil
calamine
calcium ascorbate
calcium carbonate
calcium d-pantetheine-s-sulfonate
calcium gluconate
calcium pantothenate
calendula extract
Calendula officinalis flower extract
Calluna vulgaris flower extract
Calophyllum inophyllum seed oil
Camellia japonica
Camellia oleifera
Camellia sinensis
camphor
cananga extract
Cananga odorata
candelilla/jojoba/rice bran polyglyceryl-3 esters
candelilla wax
Cannabis sativa L. oil
canola oil
caprooyl phytosphingosine
caprooyl sphingosine
caprooyl tetrapeptide-3
caprylic/capric triglyceride
capryloyl glycerin/sebacic acid copolymer
capryloyl glycine
caprylyl caprylate/caprate
caprylyl glycol
caprylyl methicone
capsaicin
capsicum
capsicum oleoresin
caramel
carbomer
carbopol
carboxylic acid
cardamom
carmine
carnauba wax
carnitine
carnosic acid
carnosine
carnosol acid
carrageenan
carrot oil
Carthamus tinctorius oil
carvone
Carya illinoensis oil
casein
Castanea sativa seed extract
castor isostearate succinate
castor oil
catalase
Caulerpa taxifolia extract
cedarwood
Cedrus atlantica bark extract
cellulose
Cellulose gum
Centaurea cyanus
Centella asiatica
cephalin
Cera alba
cera microcristallina
ceramide AP
ceramide EOP
ceramide EOS
ceramide NG
ceramide NP
ceramide NS
ceramides
ceresin
ceteareth-20
ceteareth-25
cetearyl alcohol
cetearyl ethylhexanoate
cetearyl glucoside
cetearyl octanoate
cetyl acetate
cetyl alcohol
cetyl dimethicone
cetyl dimethicone copolyol
cetyl esters
cetyl hydroxyethylcellulose
cetyl palmitate
cetyl PEG/PPG-10/1-dimethicone
chamomile
Chamomilla recutita flower extract
charcoal
charcoal powder
chelating agent
cherry extract
China clay
chitosan
chlorella
chlorophene
chloroxylenol
chlorphenesin
cholecalciferol
cholesterol
choline
chondroitin sulfate
Chondrus crispus
chromium hydroxide green
chromium oxide green
chrysanthemum extract
Chrysanthemum parthenium extract
Cichorium intybus
Cimicifuga racemosa root extract
Cinnamomum
Cinnamomum camphora
cinnamon
cinnamyl alcohol
citrate buffer
citric acid
citronellol
Citrullus colocynthis
Citrus amara
Citrus aurantifolia
Citrus aurantium
Citrus aurantium extract
Citrus medica limonium
Citrus unshiu
Citrus unshiu peel extract
clary oil
clary sage
clay
clove leaf
clove oil
clover blossom
clover leaf oil
cocamide DEA and MEA
cocamidopropyl betaine
cocamidopropyl dimethylamine
cocamidopropyl hydroxysultaine
cocoa butter
cocoa extract
coco-glucoside
cocoglycerides
coconut
coconut oil
cocos nucifera (coconut) fruit extract
Cocus nucifera
Codium tomentosum extract
coenzyme Q10
Coffea arabica (coffee) seed oil
Coffea arabica seed extract
Cola acuminata seed extract
Coleus barbatus
collagen amino acids
colloidal oatmeal
colloidal silver
comfrey extract
Commiphora myrrha extract
coneflower
Copaifera officinalis
Copernicia cerifera wax
copper gluconate
copper lysinate/prolinate
copper PCA
copper peptides
copper sulfate
Corallina officinalis extract
coriander
cornflower
cornmint
corn oil
cornstarch
Cornus extract
Corylus americana
Corylus avellana
coumarin
cranberry seed extract
cranberry seed oil
Crataegus monogina extract
creatine
cucumber extract
Cucumis melo (melon) fruit extract
Cucumis sativus extract
Cucurbita pepo seed extract
Cucurbitea peponis
Curcuma longa root
curcumin
Cyamopsis tetragonoloba
cyanocobalamin
cyclamen aldehyde
cyclohexasiloxane
cyclomethicone
cyclopentasiloxane
cyclotetrasiloxane
Cymbopogon citrates
Cymbopogon martini
cysteine
cystine
D&C
D&C colors
daisy flower extract
d-alpha-tocopherol
Daucus carota
DEA oleth-10 phosphate
decarboxy carnosine HCL
decylene glycol
decyl glucoside
decyl oleate
dehydroacetic acid
dehydroepiandrosterone
deionized/demineralized water
denatured alcohol
deoxyribonucleic acid
detergent cleansing agent
deuterium oxide
dextran
dextrin
DHA
diatomaceous earth
diazolidinyl urea
dibutyl phthalate
dicaprylyl carbonate
dicetyl phosphate
diethylhexyl carbonate
diethylhexyl malate
diethylhexyl syringylidenemalonate
diheptyl succinate
dihydrocholeth-30
dihydroxyacetone
diisopropyl adipate
diisopropyl dimer dilinoleate
diisostearoyl trimethylolpropane siloxy silicate
diisostearyl dimer dilinoleate
diisostearyl malate
dimer dilinoleyl dimer dilinoleate
dimethicone
dimethicone/PEG-10/15 crosspolymer
dimethicone/vinyl dimethicone crosspolymer
dimethicone copolyol
dimethicone crosspolymer
dimethiconol
dimethyl capramide
dimethyl ether
dimethyl isosorbide
dimethyl MEA
Dioscorea villosa extract
dipentaerythrityl hexacaprylate/hexacaprate
dipotassium glycyrrhizate
dipotassium glycyrrhizinate
dipotassium phosphate
di-PPG-3 myristyl ether adipate
dipropylene glycol
disodium cocoamphodiacetate
disodium cocoyl glutamate
disodium diglyceryl phosphate
disodium EDTA
disodium glyceryl phosphate
disodium lauraminopropionate
disodium lauriminodipropionate tocopheryl phosphates
disodium rutinyl disulfate
disteardimonium hectorite
DMAE
DMDM hydantoin
docosahexaenoic acid
dog rose
dogwood
Dromiceius oil
dulse
Dunaliella salina extract
durian
Durvillaea antarctica extract
ecamsule
Echium plantagineum seed oil
ectoin
EDTA
egg yolk
eicosapentaenoic acid
Elaeis guineensis
elderberry
elecampane
ellagic acid
emollient
emulsifier
emu oil
English ivy extract
Enteromorpha compressa extract
environmental damage
enzymes
epigallocatechin gallate
Epilobium angustifolium extract
Equisetum arvense
ergocalciferol
ergothioneine
Eriobotrya japonica
erythrulose
esculin
essential oil
ester
Ester-C
ethanol
ethoxydiglycol
ethyl alcohol
ethyl hexanediol
ethylhexylglycerin
ethylhexyl methoxycinnamate
ethylhexyl olivate
ethylhexyl palmitate
ethylhexyl stearate
ethylparaben
ethyl vanillin
eucalyptus extract
eucalyptus oil
Eugenia aromatica
Eugenia caryophyllus
eugenol
Euphorbia cerifera wax
Euphrasia officinalis
Euterpe oleracea fruit extract
evening primrose oil
Evodia rutaecarpa extract
Ext. D&C
eyebright
faex
farnesol
farnesyl acetate
fatty acid
fatty alcohol
FD&C
FD&C colors
fennel oil
fennel seed extract
ferric ammonium ferrocyanide
ferric ferrocyanide
Ferula galbaniflua
ferulic acid
feverfew extract
fibronectin
Ficus carica fruit extract
fig
Filipendula glaberrima
Filipendula rubra
film-forming agent
fireweed extract
fir needle oil
fish cartilage extract
flavonoid
flavor
flax
flaxseed oil
floralozone
Foeniculum vulgare extract
folic acid
formaldehyde-releasing preservative
fragrance
frankincense extract
fructose
fruit acid
Fucus vesiculosus extract
Fu ling
fuller's earth
galactoarabinan
galbanum
gamma linolenic acid (GLA)
Ganoderma lucidum extract
Gardenia florida extract
gelatin
gellan gum
Gellidiela acerosa extract
genistein
Gentiana lutea (Gentian) root extract
geraniol
geranium extract
geranium oil
Geranium pretense
Germaben II
ginger extract
ginger oil
Ginkgo biloba leaf extract
ginseng
GLA
glabridin
gluconolactone
glucosamine HCL
glucose
glucose oxidase
glucosyl hesperidin
glutamic acid
glutamine
glutathione
gluten ingredients
glycereth-26
glycereth-26 phosphate
glycereth-6 laurate
glycerin
glycerine
glycerol
glycerol monostearate
glycerol triacetate
glycerol trioleate
glyceryl ascorbate
glyceryl behanate
glyceryl behenate
glyceryl behenate/eicosadioate
glyceryl cocoate
glyceryl dibehanate
glyceryl dipalmitate
glyceryl distearate
glyceryl ester
glyceryl isopalmitate
glyceryl isostearate
glyceryl myristate
glyceryl oleate
glyceryl palmitate
glyceryl polymethacrylate
glyceryl rosinate
glyceryl stearate
glyceryl stearate SE
glycine
Glycine soja oil
Glycine soja seed extract
Glycine soja sterols
glycogen
glycolic acid
glycolipid
glycol stearate
glycoproteins
glycosaminoglycans
glycosphingolipid
glycyrrhetic acid
glycyrrhetinic acid
Glycyrrhiza glabra
Glycyrrhiza uralensis root extract
goji fruit extract
gold
Gossypium herbacuem seed oil
gotu kola
grapefruit oil
grapefruit peel extract
grapefruit seed extract
grape seed extract
grape seed oil
green tea
gromwell
guarana
guar gum
guar hydroxypropyltrimonium chloride
guava
gums
Haematococcus pluvialis extract
Hamamelis virginiana
hamamelitannin
Haslea ostrearia extract
hayflower extract
hazelnut oil
hectorite
Hedera helix
hedione
Helianthus annuus seed oil
Helianthus oil
hemp seed oil
hesperidin
hesperidin methyl chalcone
hexanoyl dipeptide-3 norleucine acetate
hexyl cinnamal
hexyldecanol
hexylene glycol
hexyl laurate
hexylresorcinol
hibiscus
Himanthalia elongate extract
Hippophae rhamnoides
histidine
hoelen
homosalate
honey
honey extract
honeysuckle flower extract
hops
Hordeum vulgare extract
horse chestnut extract
horse elder
horseradish
horsetail extract
Hortonia floribunda leaf extract
Huang qi
Humulus lupulus extract
hyaluronic acid
Hydnocarpus anthelmintica
Hydrastis canadenis
hydrocotyl extract
hydrogenated coco-glyceride
hydrogenated didecene
hydrogenated lecithin
hydrogenated olive oil
hydrogenated palm glycerides
hydrogenated polydecene
hydrogenated polyisobutene
hydrogenated soybean oil
hydrogenated starch hydrolysate
hydrogenated vegetable glycerides citrate
hydrogen peroxide
hydrolyzed acacia macrostachya seed extract
hydrolyzed corn starch
hydrolyzed glycosaminoglycans
hydrolyzed jojoba esters
hydrolyzed jojoba protein
hydrolyzed silk
hydrolyzed soy protein
hydrolyzed vegetable protein
hydrolyzed wheat protein
hydroquinone
hydroxyethyl acrylate/sodium acryloyl dimethyl taurate copolymer
hydroxyethylcellulose
hydroxyethylpiperazine ethane sulfonic acid
hydroxyethyl urea
hydroxylated lecithin
hydroxypropyl cyclodextrin
hydroxypropyl guar
hydroxypropyl starch phosphate
Hypericum extract
hyssop
idebenone
Ilex paraguariensis
Illicium vernum
imidazolidinyl urea
inactive ingredient
inositol
Inula helenium
iodopropynyl butylcarbamate
Iris florentina extract
Irish moss extract
iron oxides
iron powder
isoamyl laurate
isobutyl acetate
isobutylparaben
isocetyl salicylate
isododecane
isoflavone
isohexadecane
isoleucine
isononyl isononanoate
isoparaffin
isopropyl alcohol
isopropyl isostearate
isopropyl lanolate
isopropyl myristate
isopropyl palmitate
isopropyl titanium triisostearate
isopropyl titanium triisostearte/triethoxycaprylylsilane crosspolymer
isostearamide DEA
isostearic acid
ivy extract
Japan wax
jasmine oil
Jasminium grandiflorum
jojoba butter
jojoba esters
jojoba oil
jojoba wax
jonquil extract
Ju hua
jujube fruit extract
juniper berry
Juniperus communis
kaolin
Kathon CG
kava-kava extract
kawa extract
kelp extract
Kigelia africana extract
kiwi fruit extract
kojic acid
kojic dipalmitate
kola nut
kudzu root
kukui nut oil
lactic acid
lactobionate
lactobionic acid
lactoperoxidase
lady's mantle extract
lady's thistle (milk thistle) extract
Lagerstroemia indica extract
Laminaria digitata
Laminaria longicruris
Laminaria ochroleuca extract
Laminaria sacharrina
Lamium album flower extract
lanolin
lanolin alcohol
lappa extract
Larrea divaricata extract
Larrea tridentata
L-ascorbic acid
lauramphocarboxyglycinate
laurdimonium hydroxypropyl hydrolyzed soy protein
laurdimonium hydroxypropyl hydrolyzed wheat protein
laureth-23
laureth-4
laureth-7
laureths
lauric acid
lauroyl lysine
Laurus nobilis
lauryl alcohol
lauryl glucoside
lauryl lactate
lauryl laurate
lauryl PEG-9 polydimethylsiloxyethyl dimethicone
lavandin oil
Lavandula angustifolia
Lavandula officinalis
lavender extract and oil
L-cysteine
lecithin
lemon
lemon balm
lemongrass extract
lemongrass oil
lemon juice
lemon oil
lentil fruit extract
Lentinus edodes extract
Leontopodium alpinum extract
Leptospermum scoparium oil
leucine
Levisticum officinale root extract
licorice extract
licorice root
Lilium candidum bulb extract
lime oil and extract
Limnanthes alba
Limnanthes alba seed oil
limonene
linalool
linden flower extract
linoleic acid
linolenic acid
linseed oil
Linum usitatissimum extract
lipid
liposomes
lithium magnesium sodium silicate
Lithospermum erythrorhizon
Litsea cubeba
locust bean
Lonicera caprifolium flower extract
Lonicera japonica 
Lonicera japonica flower extract
loquat extract
lotus seed extract
lovage root extract
lupine
lupine oil
Lupinus albus extract
lutein
Lycium barbarum fruit extract
lycopene
lye
lysine
macadamia nut oil
madecassoside
magnesium
magnesium aluminum silicate
magnesium ascorbyl palmitate
magnesium ascorbyl phosphate
magnesium carbonate
magnesium hydroxide
magnesium laureth sulfate
magnesium oleth sulfate
magnesium stearate
magnesium sulfate
Mahonia aquifolium root extract
malic acid
mallow
maltodextrin
maltooligosyl glucoside
malvaceae extract
Malva sylvestris extract
mandarin orange oil or extract
mandelic acid
manganese gluconate
manganese violet
Mangifera indica (mango) seed butter
Mangifera indica root
manuka oil
marigold
marionberry
marjoram
marshmallow
Mastocarpus stellatus
mate extract
matricaria oil
MEA
meadowfoam seed oil
meadowsweet extract
Medicago sativa
Melaleuca alternifolia
Melaleuca cajeputi oil
Melia azadirachta extract
Melia azadirachta oil
melibiose
Melissa officinalis
Mentha arvensis
Mentha piperita
Mentha spicata
Mentha viridis
menthol
menthone
menthoxypropanediol
menthyl anthranilate
menthyl lactate
meradmiate
methanol
methicone
methionine
methylchloroisothiazolinone
methyldibromo glutaronitrile
methyldihydrojasmonate
methyl gluceth-20
methyl gluceth-20 benzoate
methyl glucose sesquistearate
methylglucoside phosphate
methylisothiazolinone
methylparaben
methylpropanediol
methylsilanol mannuronate
methylsilanol PEG-7 glyceryl cocoate
methylsufonylsulfate
methyl trimethicone
Mexoryl SX
mica
microcrystalline wax
Microcystis aeruginosa
milk protein
milk vetch root
millet seed extract
mimosa oil or extract
mineral oil
mint
mixed fruit extracts
montan wax
montmorillonite
Morinda citrifolia
Morus alba root extract
Morus bombycis root extract
Morus nigra root extract
mucopolysaccharide
Mucor miehei extract
mugwort extract
mulberry extract
murumuru seed butter
myristic acid
myristoyl hexapeptide-16
myristoyl pentapeptide-17
myristoyl tripeptide-31
myristyl alcohol
myristyl myristate
myristyl nicotinate
myrrh
myrtle extract
Myrtus communis extract
N6-furfuryladenine
N-acetyl-L tyrosine
NaPCA
Narcissus poeticus wax
Nardostachys jatamansi
Nasturtium officinale extract
natto gum
natural moisturizing factor (NMF)
neem extract
neem oil
neopentyl glycol dicaprylate/dicaprate
neopentyl glycol diheptanoate
neroli
neroli oil
nettle extract
niacin
niacinamide
nicotinamide
nicotinic acid
noni juice
nonoxynols
nylon-12
Nymphaea tetragona
oak root extract
oat beta-glucan
oat bran extract
oat kernel extract
oatmeal
octinoxate
octisalate
octocrylene
octyldodecanol
octyldodecyl myristate
octyldodecyl neopentanoate
octyl methoxycinnamate
octyl palmitate
octyl salicylate
octyl stearate
o-cymen-5-ol
Oenothera biennis oil
Olea europaea fruit oil
Olea europaea oil unsaponifiables
oleanolic acid
oleic acid
oleth-10
oleths
oleyl erucate
olibanum extract
olive oil/olive fruit oil
orange blossom
Orbignya martiana
Orbignya oleifera
orchid
oregano
Origanum majorana
Origanum vulgare flower extract
orris root
oryzanol
Oryza sativa cera
Oryza sativa oil
oxidoreductase
oxybenzone
ozokerite
P. elisabethae
PABA
padimate O
Padina pavonica extract
Paeonia albiflora extract
Paeonia suffruticosa extract
Palmaria palmata extract
palmarosa oil
palmitic acid
palmitoyl hexapeptide-12
palmitoyl oligopeptide
palmitoyl pentapeptide-4
palmitoyl tetrapeptide-7
palmitoyl tripeptide-1
Palmitoyl Tripeptide-38
palmitoyl tripeptide-5
palmitoyl tripeptide-8
palm kernel acid
palm oil
Panax ginseng root extract
Panicum miliaceum
pansy extract
pantethine
panthenol
pantothenic acid
papain
papaya extract
para-aminobenzoic acid (PABA)
parabens
paraffin
Paraffinum liquidum
Parsol 1789
Passiflora edulis extract
Passiflora edulis seed oil
passion fruit extract
patchouli
pawpaw extract
PCA
peanut oil
pecan oil
pectin
PEG/PPG-17/6 copolymer
PEG/PPG-18/18 dimethicone
PEG/PPG-18/4 copolymer
PEG/PPG-20/15 dimethicone
PEG-100 stearate
PEG-10 dimethicone
PEG-10 dimethicone/vinyl dimethicone crosspolymer
PEG-10 phytosterol
PEG-10 rapeseed sterol
PEG-120 methyl glucose dioleate
PEG-12 dimethicone
PEG-12 glyceryl dimyristate
PEG-14
PEG-150 distearate
PEG-20 methyl glucose sesquistearate
PEG-32
PEG-33
PEG-40 hydrogenated castor oil
PEG-40 stearate
PEG-60 almond glycerides
PEG-60 hydrogenated castor oil
PEG-75 shea butter glycerides
PEG-7 glyceryl cocoate
PEG-8
PEG-80 sorbitan laurate
PEG-8 dimethicone
PEG 90M
PEG compound
Pelargonium graveolens oil
pellitory
pentadecalactone
pentaerythrityl tetraisostearate
pentaerythrityl tetraoctanoate
pentapeptides
pentasodium pentetate
pentylene glycol
peppermint
peptides
Perilla ocymoides
Persea gratissima oil
Persicaria hydropiper
petitgrain mandarin
petrolatum
Peucedanum graveolens (dill) extract
PHA
phenoxyethanol
phenoxyisopropanol
phenylalanine
phenylethyl resorcinol
phenyl trimethicone
phloretin
phosphatidylcholine
phosphatidylethanolamine
phospholipid
phosphoric acid
photosensitizer
phthalates
Phyllanthus emblica fruit extract
physalis angulata extract
phytantriol
phytic acid
phytonadione
phytosphingosine
phytosterol
phytosteryl/octyldodecyl lauroyl glutamate
Picea abies extract
pineapple extract
pinecone extract
pine oil
Pinus lambertiana wood extract
Pinus sylvestris extract
Piper nigrum
pistachio seed oil
Pistacia vera seed oil
Pisum sativum
plankton extract
plasticizing agents
plum extract
plum seed oil
Pogostemon cablin
poloxamer 184
Poloxamer 407
poloxamers
polyacrylamide
polyacrylate-17
polyacrylate crosspolymer
polyaminopropyl biguanide
polybutene
polyethylene
polyethylene glycol
polyglucuronic acid
polyglycerol monostearate
polyglyceryl-10 laurate
polyglyceryl 2 triisostearate
polyglyceryl-3 beeswax
polyglyceryl-3 methylglucose distearate
polyglyceryl-3 rice branate
polyglyceryl-4 isostearate
polyglyceryl-6 isostearate
polyglyceryl methacrylate
polyhydroxy acid
polyhydroxystearic acid
polyisobutene
polymer
polymethylsilsesquioxane
polypropylene glycol
polyquaternium-10
polyquaterniums
polysaccharide
polysilicone-11
polysorbate 20
polysorbate 60
polysorbate 80
polysorbates
polyvinyl alcohol
polyvinylpyrrolidone
pomegranate extract
Pongamia glabra seed oil
Poria cocos extract
Porphyridium cruentum extract
Portulaca oleracea extract
potassium
potassium ascorbyl tocopheryl phosphate
potassium cetyl phosphate
potassium hydroxide
potassium myristate
potassium phosphate
potassium sorbate
PPG-12/SMDI copolymer
PPG-12 buteth-16
PPG-14 butyl ether
PPG-20 methyl glucose ether
PPG-26-Buteth-26
PPG-2-deceth-30
PPG-2 myristyl ether propionate
PPG-3 benzyl ether myristate
preservatives
proline
propanediol
propolis
propylene carbonate
propylene glycol
propylene glycol dicaprylate/dicaprate
propylene glycol isostearate
propylene glycol laurate
propylene glycol stearate
propyl gallate
propylparaben
Prunella vulgaris
Prunus americana
Prunus amygdalus dulcis
Prunus armeniaca
Prunus domestica seed extract
Prunus domestica seed oil
Prunus dulcis
Pseudopterogorgia elisabethae
Psidium guajava fruit extract
Pueraria lobata
pullulan
pumpkin
pumpkin seed extract
Punica granatum extract
purified water
PVM/MA decadiene crosspolymer
PVP
PVP/dimethylaminoethylmethacrylate
PVP copolymer
pycnogenol
pyridoxine hydrochloride (HCL)
Pyrus cydonia
Pyrus malus (apple) fruit extract
quaternium-15
quaternium-18 hectorite
quaternium ammonium compounds
quercetin
quercus
Quercus infectoria extract
quillaja extract
quince seed
quinoa oil
rapeseed oil
raspberry seed extract
raspberry seed oil
red 27 lake
red 33
red 6 lake
red algae
red clover
red raspberry extract
reducing agent
resveratrol
retinol
retinyl ascorbate
retinyl palmitate
retinyl retinoate
Rhodiola rosea root extract
riboflavin
rice bran oil
rice oil
rice starch
ricinoleate
Ricinus communis
Robinia pseudacacia extract
Rosa canina
Rosa centifolia
Rosa centifolia flower
Rosa damascena oil
Rosa eglanteria
Rosa gallica flower extract
Rosa mosqueta
Rosa roxburghii extract
Rosa rubiginosa
rose flower
rose flower oil
rose hip
rose hip oil
rosemary extract
rosemary oil
rose oil
rosewood oil
Rosmarinus officinalis extract
royal jelly
Rubus idaeus
Rubus occidentalis
Rubus ursinus
Rubus ursinus x idaeus
Rubus villoscus
Ruscus aculeatus
rutin
saccharide isomerate
saccharides
Saccharomyces calcium ferment
Saccharomyces cerevisiae
Saccharomyces copper ferment
Saccharomyces iron ferment
Saccharomyces lysate
Saccharomyces magnesium ferment
Saccharomyces manganese ferment
Saccharomyces officinarum ferment
Saccharomyces potassium ferment
saccharomyces selenium ferment
Saccharomyces silicon ferment
Saccharomyces zinc ferment
safflower seed oil
sage extract
salicin
salicylic acid
Salix alba extract
Salix nigra (willow) bark extract
Salvia hispanica (chia) seed oil
Salvia officinalis
Sambucus canadensis
Sambucus cerulea
Sambucus nigra
Sambucus nigra fruit extract
sandalwood oil
Santalum album seed extract
Sapindus mukurossi peel extract
Saponaria officinalis extract
saponin
sarcosine
Sargassum filipendula extract
sausurrea oil
Saxifraga sarmentosa extract
sclareolide
Sclerocarya birrea
sclerotium gum
Scutellaria baicalensis extract
SD alcohol
SD alcohol 40-2
sea buckthorn
Seamollient
sea salt
seaweed
sea whip extract
sebacic acid
selenium
Serenoa serrulata extract
sericin
serine
sesame oil
Sesamum indicum
sesquioleate
shea butter
Siegesbeckia orientalis
silanetriol
silica
silica dimethyl silylate
silicate
silicone
silk
silk powder
silk protein
siloxane
silt
silver
silver chloride
silver tip white tea leaf extract
Silybum marianum extract
simethicone
Simmondsia chinensis
skin-replenishing ingredients
skin-restoring ingredients
skullcap extract
slip agent
slippery elm bark
soap
soapberry extract
soapwort
sodium acetate
sodium acrylate/acryloydimethyl taurate copolymer
sodium ascorbate
sodium ascorbyl phosphate
sodium benzoate
sodium bicarbonate
sodium bisulfite
sodium borate
sodium C14-16 olefin sulfonate
sodium carbomer
sodium carbonate
sodium carboxymethyl beta-glucan
sodium cetearyl sulfate
sodium chloride
sodium chondroitin sulfate
sodium citrate
sodium cocoamphoacetate
sodium cocoate
sodium cocoyl amino acids
sodium cocoyl glutamate
sodium cocoyl isethionate
sodium dehydroacetate
sodium dilauramidoglutamide lysine
sodium hexametaphosphate
sodium hyaluronate
sodium hyaluronate crosspolymer
sodium hydroxide
sodium hydroxymethylglycinate
sodium lactate
sodium lactobionate
sodium laureth-13 carboxylate
sodium laureth sulfate
sodium lauroamphoacetate
sodium lauroyl lactylate
sodium lauroyl sarcosinate
sodium lauryl glucose carboxylate
sodium lauryl sulfate
sodium metabisulfite
sodium methyl cocoyl taurate
sodium methyl taurate
sodium myreth sulfate
sodium palmate
sodium palm kernelate
sodium PCA
sodium PEG-7 olive oil carboxylate
sodium phytate
sodium polyacrylate
sodium salicylate
sodium silicate
sodium stearoyl lactylate
sodium sulfite
sodium tallowate
sodium thioglycolate
sodium trideceth sulfate
Solanum lycopersicum extract
Solanum tuberosum extract
solvent
Sonojell
soothing agent
sorbic acid
sorbitan oleate
sorbitan sesquioleate
sorbitan stearate
sorbitol
soy extract
soy isoflavones
soy oil
spearmint oil
SPF
sphingolipids
Spiraea ulmaria
spirulina
squalane
squalene
St. John's wort
star anise
steapyrium chloride
stearalkonium chloride
stearalkonium hectorite
stearates
steareth-20
stearic acid
stearyl alcohol
stearyl dimethicone
stearyl glycyrrhetinate
stearyl methicone
stearyl stearate
styrax benzoin
styrene/acrylates copolymer
sucrose
sugarcane extract
sulfates
sulfur
sunflower seed oil
sun protection factor
superoxide dismutase
surfactant
sweet almond
sweet almond oil
Symphytum officinale extract
synthetic beeswax
synthetic wax
Szechuan peppercorn
talc
tallow
tamanu oil
Tanacetum parthenium
tangerine oil
tannic acid
tapioca starch
tartaric acid
TEA
TEA-lauryl sulfate
tea tree oil
terephthalylidene dicamphor sulfonic acid
tetradibutyl pentaerithrityl hydroxyhydrocinnamate
tetrahexyldecyl ascorbate
tetrahydrobisdemethoxycurcumin
tetrahydrobisdemethoxydiferuloylmethane
tetrahydrodemethoxycurcumin
tetrahydrodemethoxydiferuloylmethane
tetrahydrodiferuloylmethane
tetrahydromethoxycurcumin
tetrahydroxypropyl ethylenediamine
tetrasodium EDTA
tetrasodium etidronate
Theobroma cacao seed butter
thiamine HCL
thickening agent
thioctic acid
thiodipropionic acid
thiotaurine
threonine
thyme extract
thyme oil
thymus hydrolysate
Thymus serpillum extract
Thymus vulgaris
Thymus vulgaris oil
Tilia cordata
titanium dioxide
tocopherol
tocopherol acetate
tocopheryl acetate
tocopheryl lineolate
tocotrienols
tomato extract
tormentil extract
tragacanth
tranexamic acid
trehalose
tremella fuciformis sporocarp extract
tribehenin
tribehenin PEG-20 esters
tricaprylin
trideceth-12
trideceth-6
tridecyl salicylate
tridecyl stearate
tridecyl trimellitate
triethanolamine
triethoxycaprylylsilane
triethoxycaprylylsilane crosspolymer
triethoxysilylethyl polydimethylsiloxyethyl hexyl dimethicone
Trifolium pratense
triglyceride
trigonella foenum-graecum seed extract
trihydroxystearin
triisocetyl citrate
trilaurin
trimethylsiloxyamodimethicone
trimethylsiloxysilicate
trioclanolin
trioctanoin
trioctyldodecyl citrate
tripeptide-1
tripeptide-32
Tripleurospermum maritimum extract
trisodium EDTA
Triticum vulgare (wheat) germ extract
Triticum vulgare oil
troxerutin
tryptophan
turmeric
ubiquinone
Ulmus fulva bark extract
ultramarines
Ulva lactuca extract
Uncaria tomentosa extract
Undaria pinnatifida
urea
Urtica dioica
UVA
Uva ursi extract
UVB
VA/crotonates copolymer
Vaccinium macrocarpon fruit extract
Vaccinium myrtillus
Vaccinum Angustifolium (blueberry) fruit extract
valine
Vanilla planifolia fruit extract
verbena extract
vetiver oil or extract
vinyl dimethicone/methicone silsesquioxane crosspolymer
Viola tricolor extract
vitamin A
vitamin B1
vitamin B12
vitamin B2
vitamin B3
vitamin B5
vitamin B6
vitamin C
vitamin D
vitamin E
vitamin F
vitamin H
vitamin K
Vitis vinifera
volatile oil
VP/eicosene copolymer
VP/hexadecene copolymer
walnut extract
walnut oil
walnut shell powder
water
watercress extract
watermelon fruit extract
wheat amino acids
wheat germ glycerides
wheat germ oil
wheat protein
whey protein
white nettle
white oak bark extract
white tea leaf extract
white willow
wild ginger
willow bark
willow herb
wintergreen oil
witch hazel
xanthan gum
xanthophyll
Ximenia americana oil
Xi xin
xylitol
xylitylglucoside
xylose
xymenynic acid
yarrow extract
yeast
yeast extract
yellow 5
yellow 6 lake
yerba mate extract
ylang ylang
yogurt
yucca extract
Yucca schidigera
Zanthoxylum piperitum
zinc
zinc carbonate
zinc oxide
zinc PCA
zinc stearate
zinc sulfate
Zingiberaceae
Zingiber officinale roscoe
Zingiber zerumbet
Zizyphus jujuba fruit extract
"1, 2-Hexanediol"
10-Hydroxydecanoic Acid
4-T-butylcyclohexanol
Acacia farnesiana extract
acacia senegal gum
acai
acerola fruit extract
acetic acid
acetone
acetylated castor oil
acetylated hydrogenated cottonseed glyceride
acetylated lanolin
acetylated lanolin alcohol
acetylated palm kernel glycerides
acetyl carnitine HCL
acetyl glucosamine
acetyl glyceryl ricinoleate
acetyl hexapeptide-8
acetyl octapeptide-3
acetyl tributyl citrate
acetyl tyrosine
Achillea millefolium
acid
acne soap
acrylate
acrylates/C10-30 alkyl acrylate crosspolymer
acrylates/dimethicone copolymer
acrylates/steareth-20 methacrylate copolymer
acrylates copolymer
Actaea racemosa
adenosine
adenosine triphosphate
adipic acid/neopentyl glycol/trimellitic anhydride copolymer
advanced glycation endproduct (AGE)
Aerocarpus santalinus
Aesculus hippocastanum
agar
AGE
Agrimonia eupatoria leaf extract
AHA
Ahnfeltia concinna extract
ahnfeltia extract
Ahnfeltiopsis concinna extract
alanine
Alaria esculenta
albumin
alcloxa
alcohol
Aleurites moluccana seed oil
alfalfa extract
algae
algae extract
algin
aliphatic hydrocarbon
alkaline
alkyloamides
allantoin
allyl methacrylates crosspolymer
almond oil
Aloe barbadensis
aloe barbadensis leaf juice extract
aloe barbadensis leaf juice powder
aloe extract
aloe juice
aloe vera
alpha bisabolol
alpha glucan oligosaccharide
alpha hydroxy acid
alpha isomethyl ionone
alpha lipoic acid
alpha-tocopherol
Alteromonas ferment extract
Althaea rosea
Althea officinalis
alumina
aluminum
Aluminum hydroxide
aluminum magnesium silicate
aluminum powder
aluminum silicate
aluminum starch octenylsuccinate
aluminum stearate
aluminum sulfate
amino acid
aminobutyric acid
aminomethyl propanediol
aminomethyl propanol
ammonium acryloyldimethyltaurate/VP copolymer
ammonium chloride
ammonium glycolate
ammonium hydroxide
ammonium laureth sulfate
ammonium lauryl sulfate
amodimethicone
amygdalic acid
amyl cinnamate
amyl salicylate
amyris oil
Anacyclus pyrethrum
Anacystis nidulans extract
Ananas sativus fruit extract
andiroba oil
Anethum graveolens
Angelica archangelica root oil
Angelica polymorpha sinensis root extract
anhydroxylitol
anisaldehyde
anise
annato extract
Anthemis nobilis flower extract
anthocyanin
antioxidant
apple fruit extract
apricot kernel
apricot kernel oil
arachidic acid
arachidyl alcohol
arachidyl glucoside
arachidyl propionate
Arachis hypogaea extract
arbutin
Arctium lappa
Arctium majus
Arctostaphylos uva ursi leaf
Argania spinosa
argan oil
arginine
Argireline
arnica extract
aroma/flavor
arrowroot
artemia extract
Artemisia absinthium extract
Artemisia vulgaris
Ascophyllum nodosum
ascorbic acid
ascorbyl glucosamine
ascorbyl glucoside
ascorbyl methylsilanol pectinate
ascorbyl palmitate
asparagine
Asparagopsis armata extract
aspartic acid
astaxanthin
astaxanthin extract
Astragalus membranaceus
Astragalus sinicus
Astrocaryum murumuru seed butter
ATP
atractylodes macrocephala root powder
Atractyloydes lancea root extract
Avena sativa
avobenzone
avocado oil
awapuhi
Azadirachta indica
azelaic acid
azelaoyl bis-dipeptide-10
Azelex
azuki beans
azulene
babassu oil
bakuchiol
balm mint extract
balsam peru
Bambusa vulgaris (bamboo) leaf/stem extract
banana extract
barberry
barium sulfate
barley extract
batyl alcohol
bay leaf oil
bearberry extract
bee pollen
beeswax
beet root extract
beheneth-5
behenic acid
behentrimonium chloride
behenyl alcohol
Bellis perennis
bentonite
benzalkonium chloride
benzephenone-3
benzoic acid
benzoin extract
benzophenone
benzothonium chloride
benzoyl peroxide
benzyl alcohol
benzyl salicylate
Berberis aristata
bergamot oil
Bertholletia excelsa extract
beta-carotene
beta-glucan
beta hydroxy acid
betaine salicylate
beta-sitosterol
Beta vulgaris root extract
Betula alba
BHA (beta hydroxy acid)
BHT
bifida ferment lysate
bilberry extract
bioflavonoid
biotin
birch bark extract
birch leaf extract
bisabolol
bis-diglyceryl polyacyladipate
bismuth oxychloride
bis-PEG-18 methyl ether dimethyl silane
bis-phenylpropyl dimethicone
bitter orange flower
blackberry
black cohosh
black currant oil
black elderberry
black locust extract
black mulberry
black pepper extract and oil
black raspberry
black tea
bladderwrack extract
bloodwort
blue 1
blue 1 lake
Boerhavia diffusa root extract
bois de rose oil
bois oil
borage seed extract
borage seed oil
Borago officinalis extract
Borago officinalis seed oil
borate
borax
boric acid
boron nitride
Boswellia carterii
Boswellia serrata extract
botanicals
boysenberry
Brassica campestris
Brazil nut extract
broad spectrum
bromelain
bronopol
bronze powder
Buddleja davidii extract
bumetrizole
Bupleurum falcatum extract
burdock root
butyl acetate
butylene glycol
butyl methoxydibenzoylmethane
butylparaben
butylphenyl methylpropional
Butyrospermum fruit
Butyrospermum parkii
Butyrosperum parkii (shea) butter extract
Buxus chinensis
C10-30 cholesterol/lanosterol esters
C11-15 pareth-7
C12-15 alkyl benzoate
C12-16 pareth-9
C12-18 acid triglyceride
C13-14 isoparaffin
C18-36 acid triglyceride
C20-40 pareth-40
caffeic acid
caffeine
cajeputi oil
calamine
calcium ascorbate
calcium carbonate
calcium d-pantetheine-s-sulfonate
calcium gluconate
calcium pantothenate
calendula extract
Calendula officinalis flower extract
Calluna vulgaris flower extract
Calophyllum inophyllum seed oil
Camellia japonica
Camellia oleifera
Camellia sinensis
camphor
cananga extract
Cananga odorata
candelilla/jojoba/rice bran polyglyceryl-3 esters
candelilla wax
Cannabis sativa L. oil
canola oil
caprooyl phytosphingosine
caprooyl sphingosine
caprooyl tetrapeptide-3
caprylic/capric triglyceride
capryloyl glycerin/sebacic acid copolymer
capryloyl glycine
caprylyl caprylate/caprate
caprylyl glycol
caprylyl methicone
capsaicin
capsicum
capsicum oleoresin
caramel
carbomer
carbopol
carboxylic acid
cardamom
carmine
carnauba wax
carnitine
carnosic acid
carnosine
carnosol acid
carrageenan
carrot oil
Carthamus tinctorius oil
carvone
Carya illinoensis oil
casein
Castanea sativa seed extract
castor isostearate succinate
castor oil
catalase
Caulerpa taxifolia extract
cedarwood
Cedrus atlantica bark extract
cellulose
Cellulose gum
Centaurea cyanus
Centella asiatica
cephalin
Cera alba
cera microcristallina
ceramide AP
ceramide EOP
ceramide EOS
ceramide NG
ceramide NP
ceramide NS
ceramides
ceresin
ceteareth-20
ceteareth-25
cetearyl alcohol
cetearyl ethylhexanoate
cetearyl glucoside
cetearyl octanoate
cetyl acetate
cetyl alcohol
cetyl dimethicone
cetyl dimethicone copolyol
cetyl esters
cetyl hydroxyethylcellulose
cetyl palmitate
cetyl PEG/PPG-10/1-dimethicone
chamomile
Chamomilla recutita flower extract
charcoal
charcoal powder
chelating agent
cherry extract
China clay
chitosan
chlorella
chlorophene
chloroxylenol
chlorphenesin
cholecalciferol
cholesterol
choline
chondroitin sulfate
Chondrus crispus
chromium hydroxide green
chromium oxide green
chrysanthemum extract
Chrysanthemum parthenium extract
Cichorium intybus
Cimicifuga racemosa root extract
Cinnamomum
Cinnamomum camphora
cinnamon
cinnamyl alcohol
citrate buffer
citric acid
citronellol
Citrullus colocynthis
Citrus amara
Citrus aurantifolia
Citrus aurantium
Citrus aurantium extract
Citrus medica limonium
Citrus unshiu
Citrus unshiu peel extract
clary oil
clary sage
clay
clove leaf
clove oil
clover blossom
clover leaf oil
cocamide DEA and MEA
cocamidopropyl betaine
cocamidopropyl dimethylamine
cocamidopropyl hydroxysultaine
cocoa butter
cocoa extract
coco-glucoside
cocoglycerides
coconut
coconut oil
cocos nucifera (coconut) fruit extract
Cocus nucifera
Codium tomentosum extract
coenzyme Q10
Coffea arabica (coffee) seed oil
Coffea arabica seed extract
Cola acuminata seed extract
Coleus barbatus
collagen amino acids
colloidal oatmeal
colloidal silver
comfrey extract
Commiphora myrrha extract
coneflower
Copaifera officinalis
Copernicia cerifera wax
copper gluconate
copper lysinate/prolinate
copper PCA
copper peptides
copper sulfate
Corallina officinalis extract
coriander
cornflower
cornmint
corn oil
cornstarch
Cornus extract
Corylus americana
Corylus avellana
coumarin
cranberry seed extract
cranberry seed oil
Crataegus monogina extract
creatine
cucumber extract
Cucumis melo (melon) fruit extract
Cucumis sativus extract
Cucurbita pepo seed extract
Cucurbitea peponis
Curcuma longa root
curcumin
Cyamopsis tetragonoloba
cyanocobalamin
cyclamen aldehyde
cyclohexasiloxane
cyclomethicone
cyclopentasiloxane
cyclotetrasiloxane
Cymbopogon citrates
Cymbopogon martini
cysteine
cystine
D&C
D&C colors
daisy flower extract
d-alpha-tocopherol
Daucus carota
DEA oleth-10 phosphate
decarboxy carnosine HCL
decylene glycol
decyl glucoside
decyl oleate
dehydroacetic acid
dehydroepiandrosterone
deionized/demineralized water
denatured alcohol
deoxyribonucleic acid
detergent cleansing agent
deuterium oxide
dextran
dextrin
DHA
diatomaceous earth
diazolidinyl urea
dibutyl phthalate
dicaprylyl carbonate
dicetyl phosphate
diethylhexyl carbonate
diethylhexyl malate
diethylhexyl syringylidenemalonate
diheptyl succinate
dihydrocholeth-30
dihydroxyacetone
diisopropyl adipate
diisopropyl dimer dilinoleate
diisostearoyl trimethylolpropane siloxy silicate
diisostearyl dimer dilinoleate
diisostearyl malate
dimer dilinoleyl dimer dilinoleate
dimethicone
dimethicone/PEG-10/15 crosspolymer
dimethicone/vinyl dimethicone crosspolymer
dimethicone copolyol
dimethicone crosspolymer
dimethiconol
dimethyl capramide
dimethyl ether
dimethyl isosorbide
dimethyl MEA
Dioscorea villosa extract
dipentaerythrityl hexacaprylate/hexacaprate
dipotassium glycyrrhizate
dipotassium glycyrrhizinate
dipotassium phosphate
di-PPG-3 myristyl ether adipate
dipropylene glycol
disodium cocoamphodiacetate
disodium cocoyl glutamate
disodium diglyceryl phosphate
disodium EDTA
disodium glyceryl phosphate
disodium lauraminopropionate
disodium lauriminodipropionate tocopheryl phosphates
disodium rutinyl disulfate
disteardimonium hectorite
DMAE
DMDM hydantoin
docosahexaenoic acid
dog rose
dogwood
Dromiceius oil
dulse
Dunaliella salina extract
durian
Durvillaea antarctica extract
ecamsule
Echium plantagineum seed oil
ectoin
EDTA
egg yolk
eicosapentaenoic acid
Elaeis guineensis
elderberry
elecampane
ellagic acid
emollient
emulsifier
emu oil
English ivy extract
Enteromorpha compressa extract
environmental damage
enzymes
epigallocatechin gallate
Epilobium angustifolium extract
Equisetum arvense
ergocalciferol
ergothioneine
Eriobotrya japonica
erythrulose
esculin
essential oil
ester
Ester-C
ethanol
ethoxydiglycol
ethyl alcohol
ethyl hexanediol
ethylhexylglycerin
ethylhexyl methoxycinnamate
ethylhexyl olivate
ethylhexyl palmitate
ethylhexyl stearate
ethylparaben
ethyl vanillin
eucalyptus extract
eucalyptus oil
Eugenia aromatica
Eugenia caryophyllus
eugenol
Euphorbia cerifera wax
Euphrasia officinalis
Euterpe oleracea fruit extract
evening primrose oil
Evodia rutaecarpa extract
Ext. D&C
eyebright
faex
farnesol
farnesyl acetate
fatty acid
fatty alcohol
FD&C
FD&C colors
fennel oil
fennel seed extract
ferric ammonium ferrocyanide
ferric ferrocyanide
Ferula galbaniflua
ferulic acid
feverfew extract
fibronectin
Ficus carica fruit extract
fig
Filipendula glaberrima
Filipendula rubra
film-forming agent
fireweed extract
fir needle oil
fish cartilage extract
flavonoid
flavor
flax
flaxseed oil
floralozone
Foeniculum vulgare extract
folic acid
formaldehyde-releasing preservative
fragrance
frankincense extract
fructose
fruit acid
Fucus vesiculosus extract
Fu ling
fuller's earth
galactoarabinan
galbanum
gamma linolenic acid (GLA)
Ganoderma lucidum extract
Gardenia florida extract
gelatin
gellan gum
Gellidiela acerosa extract
genistein
Gentiana lutea (Gentian) root extract
geraniol
geranium extract
geranium oil
Geranium pretense
Germaben II
ginger extract
ginger oil
Ginkgo biloba leaf extract
ginseng
GLA
glabridin
gluconolactone
glucosamine HCL
glucose
glucose oxidase
glucosyl hesperidin
glutamic acid
glutamine
glutathione
gluten ingredients
glycereth-26
glycereth-26 phosphate
glycereth-6 laurate
glycerin
glycerine
glycerol
glycerol monostearate
glycerol triacetate
glycerol trioleate
glyceryl ascorbate
glyceryl behanate
glyceryl behenate
glyceryl behenate/eicosadioate
glyceryl cocoate
glyceryl dibehanate
glyceryl dipalmitate
glyceryl distearate
glyceryl ester
glyceryl isopalmitate
glyceryl isostearate
glyceryl myristate
glyceryl oleate
glyceryl palmitate
glyceryl polymethacrylate
glyceryl rosinate
glyceryl stearate
glyceryl stearate SE
glycine
Glycine soja oil
Glycine soja seed extract
Glycine soja sterols
glycogen
glycolic acid
glycolipid
glycol stearate
glycoproteins
glycosaminoglycans
glycosphingolipid
glycyrrhetic acid
glycyrrhetinic acid
Glycyrrhiza glabra
Glycyrrhiza uralensis root extract
goji fruit extract
gold
Gossypium herbacuem seed oil
gotu kola
grapefruit oil
grapefruit peel extract
grapefruit seed extract
grape seed extract
grape seed oil
green tea
gromwell
guarana
guar gum
guar hydroxypropyltrimonium chloride
guava
gums
Haematococcus pluvialis extract
Hamamelis virginiana
hamamelitannin
Haslea ostrearia extract
hayflower extract
hazelnut oil
hectorite
Hedera helix
hedione
Helianthus annuus seed oil
Helianthus oil
hemp seed oil
hesperidin
hesperidin methyl chalcone
hexanoyl dipeptide-3 norleucine acetate
hexyl cinnamal
hexyldecanol
hexylene glycol
hexyl laurate
hexylresorcinol
hibiscus
Himanthalia elongate extract
Hippophae rhamnoides
histidine
hoelen
homosalate
honey
honey extract
honeysuckle flower extract
hops
Hordeum vulgare extract
horse chestnut extract
horse elder
horseradish
horsetail extract
Hortonia floribunda leaf extract
Huang qi
Humulus lupulus extract
hyaluronic acid
Hydnocarpus anthelmintica
Hydrastis canadenis
hydrocotyl extract
hydrogenated coco-glyceride
hydrogenated didecene
hydrogenated lecithin
hydrogenated olive oil
hydrogenated palm glycerides
hydrogenated polydecene
hydrogenated polyisobutene
hydrogenated soybean oil
hydrogenated starch hydrolysate
hydrogenated vegetable glycerides citrate
hydrogen peroxide
hydrolyzed acacia macrostachya seed extract
hydrolyzed corn starch
hydrolyzed glycosaminoglycans
hydrolyzed jojoba esters
hydrolyzed jojoba protein
hydrolyzed silk
hydrolyzed soy protein
hydrolyzed vegetable protein
hydrolyzed wheat protein
hydroquinone
hydroxyethyl acrylate/sodium acryloyl dimethyl taurate copolymer
hydroxyethylcellulose
hydroxyethylpiperazine ethane sulfonic acid
hydroxyethyl urea
hydroxylated lecithin
hydroxypropyl cyclodextrin
hydroxypropyl guar
hydroxypropyl starch phosphate
Hypericum extract
hyssop
idebenone
Ilex paraguariensis
Illicium vernum
imidazolidinyl urea
inactive ingredient
inositol
Inula helenium
iodopropynyl butylcarbamate
Iris florentina extract
Irish moss extract
iron oxides
iron powder
isoamyl laurate
isobutyl acetate
isobutylparaben
isocetyl salicylate
isododecane
isoflavone
isohexadecane
isoleucine
isononyl isononanoate
isoparaffin
isopropyl alcohol
isopropyl isostearate
isopropyl lanolate
isopropyl myristate
isopropyl palmitate
isopropyl titanium triisostearate
isopropyl titanium triisostearte/triethoxycaprylylsilane crosspolymer
isostearamide DEA
isostearic acid
ivy extract
Japan wax
jasmine oil
Jasminium grandiflorum
jojoba butter
jojoba esters
jojoba oil
jojoba wax
jonquil extract
Ju hua
jujube fruit extract
juniper berry
Juniperus communis
kaolin
Kathon CG
kava-kava extract
kawa extract
kelp extract
Kigelia africana extract
kiwi fruit extract
kojic acid
kojic dipalmitate
kola nut
kudzu root
kukui nut oil
lactic acid
lactobionate
lactobionic acid
lactoperoxidase
lady's mantle extract
lady's thistle (milk thistle) extract
Lagerstroemia indica extract
Laminaria digitata
Laminaria longicruris
Laminaria ochroleuca extract
Laminaria sacharrina
Lamium album flower extract
lanolin
lanolin alcohol
lappa extract
Larrea divaricata extract
Larrea tridentata
L-ascorbic acid
lauramphocarboxyglycinate
laurdimonium hydroxypropyl hydrolyzed soy protein
laurdimonium hydroxypropyl hydrolyzed wheat protein
laureth-23
laureth-4
laureth-7
laureths
lauric acid
lauroyl lysine
Laurus nobilis
lauryl alcohol
lauryl glucoside
lauryl lactate
lauryl laurate
lauryl PEG-9 polydimethylsiloxyethyl dimethicone
lavandin oil
Lavandula angustifolia
Lavandula officinalis
lavender extract and oil
L-cysteine
lecithin
lemon
lemon balm
lemongrass extract
lemongrass oil
lemon juice
lemon oil
lentil fruit extract
Lentinus edodes extract
Leontopodium alpinum extract
Leptospermum scoparium oil
leucine
Levisticum officinale root extract
licorice extract
licorice root
Lilium candidum bulb extract
lime oil and extract
Limnanthes alba
Limnanthes alba seed oil
limonene
linalool
linden flower extract
linoleic acid
linolenic acid
linseed oil
Linum usitatissimum extract
lipid
liposomes
lithium magnesium sodium silicate
Lithospermum erythrorhizon
Litsea cubeba
locust bean
Lonicera caprifolium flower extract
Lonicera japonica 
Lonicera japonica flower extract
loquat extract
lotus seed extract
lovage root extract
lupine
lupine oil
Lupinus albus extract
lutein
Lycium barbarum fruit extract
lycopene
lye
lysine
macadamia nut oil
madecassoside
magnesium
magnesium aluminum silicate
magnesium ascorbyl palmitate
magnesium ascorbyl phosphate
magnesium carbonate
magnesium hydroxide
magnesium laureth sulfate
magnesium oleth sulfate
magnesium stearate
magnesium sulfate
Mahonia aquifolium root extract
malic acid
mallow
maltodextrin
maltooligosyl glucoside
malvaceae extract
Malva sylvestris extract
mandarin orange oil or extract
mandelic acid
manganese gluconate
manganese violet
Mangifera indica (mango) seed butter
Mangifera indica root
manuka oil
marigold
marionberry
marjoram
marshmallow
Mastocarpus stellatus
mate extract
matricaria oil
MEA
meadowfoam seed oil
meadowsweet extract
Medicago sativa
Melaleuca alternifolia
Melaleuca cajeputi oil
Melia azadirachta extract
Melia azadirachta oil
melibiose
Melissa officinalis
Mentha arvensis
Mentha piperita
Mentha spicata
Mentha viridis
menthol
menthone
menthoxypropanediol
menthyl anthranilate
menthyl lactate
meradmiate
methanol
methicone
methionine
methylchloroisothiazolinone
methyldibromo glutaronitrile
methyldihydrojasmonate
methyl gluceth-20
methyl gluceth-20 benzoate
methyl glucose sesquistearate
methylglucoside phosphate
methylisothiazolinone
methylparaben
methylpropanediol
methylsilanol mannuronate
methylsilanol PEG-7 glyceryl cocoate
methylsufonylsulfate
methyl trimethicone
Mexoryl SX
mica
microcrystalline wax
Microcystis aeruginosa
milk protein
milk vetch root
millet seed extract
mimosa oil or extract
mineral oil
mint
mixed fruit extracts
montan wax
montmorillonite
Morinda citrifolia
Morus alba root extract
Morus bombycis root extract
Morus nigra root extract
mucopolysaccharide
Mucor miehei extract
mugwort extract
mulberry extract
murumuru seed butter
myristic acid
myristoyl hexapeptide-16
myristoyl pentapeptide-17
myristoyl tripeptide-31
myristyl alcohol
myristyl myristate
myristyl nicotinate
myrrh
myrtle extract
Myrtus communis extract
N6-furfuryladenine
N-acetyl-L tyrosine
NaPCA
Narcissus poeticus wax
Nardostachys jatamansi
Nasturtium officinale extract
natto gum
natural moisturizing factor (NMF)
neem extract
neem oil
neopentyl glycol dicaprylate/dicaprate
neopentyl glycol diheptanoate
neroli
neroli oil
nettle extract
niacin
niacinamide
nicotinamide
nicotinic acid
noni juice
nonoxynols
nylon-12
Nymphaea tetragona
oak root extract
oat beta-glucan
oat bran extract
oat kernel extract
oatmeal
octinoxate
octisalate
octocrylene
octyldodecanol
octyldodecyl myristate
octyldodecyl neopentanoate
octyl methoxycinnamate
octyl palmitate
octyl salicylate
octyl stearate
o-cymen-5-ol
Oenothera biennis oil
Olea europaea fruit oil
Olea europaea oil unsaponifiables
oleanolic acid
oleic acid
oleth-10
oleths
oleyl erucate
olibanum extract
olive oil/olive fruit oil
orange blossom
Orbignya martiana
Orbignya oleifera
orchid
oregano
Origanum majorana
Origanum vulgare flower extract
orris root
oryzanol
Oryza sativa cera
Oryza sativa oil
oxidoreductase
oxybenzone
ozokerite
P. elisabethae
PABA
padimate O
Padina pavonica extract
Paeonia albiflora extract
Paeonia suffruticosa extract
Palmaria palmata extract
palmarosa oil
palmitic acid
palmitoyl hexapeptide-12
palmitoyl oligopeptide
palmitoyl pentapeptide-4
palmitoyl tetrapeptide-7
palmitoyl tripeptide-1
Palmitoyl Tripeptide-38
palmitoyl tripeptide-5
palmitoyl tripeptide-8
palm kernel acid
palm oil
Panax ginseng root extract
Panicum miliaceum
pansy extract
pantethine
panthenol
pantothenic acid
papain
papaya extract
para-aminobenzoic acid (PABA)
parabens
paraffin
Paraffinum liquidum
Parsol 1789
Passiflora edulis extract
Passiflora edulis seed oil
passion fruit extract
patchouli
pawpaw extract
PCA
peanut oil
pecan oil
pectin
PEG/PPG-17/6 copolymer
PEG/PPG-18/18 dimethicone
PEG/PPG-18/4 copolymer
PEG/PPG-20/15 dimethicone
PEG-100 stearate
PEG-10 dimethicone
PEG-10 dimethicone/vinyl dimethicone crosspolymer
PEG-10 phytosterol
PEG-10 rapeseed sterol
PEG-120 methyl glucose dioleate
PEG-12 dimethicone
PEG-12 glyceryl dimyristate
PEG-14
PEG-150 distearate
PEG-20 methyl glucose sesquistearate
PEG-32
PEG-33
PEG-40 hydrogenated castor oil
PEG-40 stearate
PEG-60 almond glycerides
PEG-60 hydrogenated castor oil
PEG-75 shea butter glycerides
PEG-7 glyceryl cocoate
PEG-8
PEG-80 sorbitan laurate
PEG-8 dimethicone
PEG 90M
PEG compound
Pelargonium graveolens oil
pellitory
pentadecalactone
pentaerythrityl tetraisostearate
pentaerythrityl tetraoctanoate
pentapeptides
pentasodium pentetate
pentylene glycol
peppermint
peptides
Perilla ocymoides
Persea gratissima oil
Persicaria hydropiper
petitgrain mandarin
petrolatum
Peucedanum graveolens (dill) extract
PHA
phenoxyethanol
phenoxyisopropanol
phenylalanine
phenylethyl resorcinol
phenyl trimethicone
phloretin
phosphatidylcholine
phosphatidylethanolamine
phospholipid
phosphoric acid
photosensitizer
phthalates
Phyllanthus emblica fruit extract
physalis angulata extract
phytantriol
phytic acid
phytonadione
phytosphingosine
phytosterol
phytosteryl/octyldodecyl lauroyl glutamate
Picea abies extract
pineapple extract
pinecone extract
pine oil
Pinus lambertiana wood extract
Pinus sylvestris extract
Piper nigrum
pistachio seed oil
Pistacia vera seed oil
Pisum sativum
plankton extract
plasticizing agents
plum extract
plum seed oil
Pogostemon cablin
poloxamer 184
Poloxamer 407
poloxamers
polyacrylamide
polyacrylate-17
polyacrylate crosspolymer
polyaminopropyl biguanide
polybutene
polyethylene
polyethylene glycol
polyglucuronic acid
polyglycerol monostearate
polyglyceryl-10 laurate
polyglyceryl 2 triisostearate
polyglyceryl-3 beeswax
polyglyceryl-3 methylglucose distearate
polyglyceryl-3 rice branate
polyglyceryl-4 isostearate
polyglyceryl-6 isostearate
polyglyceryl methacrylate
polyhydroxy acid
polyhydroxystearic acid
polyisobutene
polymer
polymethylsilsesquioxane
polypropylene glycol
polyquaternium-10
polyquaterniums
polysaccharide
polysilicone-11
polysorbate 20
polysorbate 60
polysorbate 80
polysorbates
polyvinyl alcohol
polyvinylpyrrolidone
pomegranate extract
Pongamia glabra seed oil
Poria cocos extract
Porphyridium cruentum extract
Portulaca oleracea extract
potassium
potassium ascorbyl tocopheryl phosphate
potassium cetyl phosphate
potassium hydroxide
potassium myristate
potassium phosphate
potassium sorbate
PPG-12/SMDI copolymer
PPG-12 buteth-16
PPG-14 butyl ether
PPG-20 methyl glucose ether
PPG-26-Buteth-26
PPG-2-deceth-30
PPG-2 myristyl ether propionate
PPG-3 benzyl ether myristate
preservatives
proline
propanediol
propolis
propylene carbonate
propylene glycol
propylene glycol dicaprylate/dicaprate
propylene glycol isostearate
propylene glycol laurate
propylene glycol stearate
propyl gallate
propylparaben
Prunella vulgaris
Prunus americana
Prunus amygdalus dulcis
Prunus armeniaca
Prunus domestica seed extract
Prunus domestica seed oil
Prunus dulcis
Pseudopterogorgia elisabethae
Psidium guajava fruit extract
Pueraria lobata
pullulan
pumpkin
pumpkin seed extract
Punica granatum extract
purified water
PVM/MA decadiene crosspolymer
PVP
PVP/dimethylaminoethylmethacrylate
PVP copolymer
pycnogenol
pyridoxine hydrochloride (HCL)
Pyrus cydonia
Pyrus malus (apple) fruit extract
quaternium-15
quaternium-18 hectorite
quaternium ammonium compounds
quercetin
quercus
Quercus infectoria extract
quillaja extract
quince seed
quinoa oil
rapeseed oil
raspberry seed extract
raspberry seed oil
red 27 lake
red 33
red 6 lake
red algae
red clover
red raspberry extract
reducing agent
resveratrol
retinol
retinyl ascorbate
retinyl palmitate
retinyl retinoate
Rhodiola rosea root extract
riboflavin
rice bran oil
rice oil
rice starch
ricinoleate
Ricinus communis
Robinia pseudacacia extract
Rosa canina
Rosa centifolia
Rosa centifolia flower
Rosa damascena oil
Rosa eglanteria
Rosa gallica flower extract
Rosa mosqueta
Rosa roxburghii extract
Rosa rubiginosa
rose flower
rose flower oil
rose hip
rose hip oil
rosemary extract
rosemary oil
rose oil
rosewood oil
Rosmarinus officinalis extract
royal jelly
Rubus idaeus
Rubus occidentalis
Rubus ursinus
Rubus ursinus x idaeus
Rubus villoscus
Ruscus aculeatus
rutin
saccharide isomerate
saccharides
Saccharomyces calcium ferment
Saccharomyces cerevisiae
Saccharomyces copper ferment
Saccharomyces iron ferment
Saccharomyces lysate
Saccharomyces magnesium ferment
Saccharomyces manganese ferment
Saccharomyces officinarum ferment
Saccharomyces potassium ferment
saccharomyces selenium ferment
Saccharomyces silicon ferment
Saccharomyces zinc ferment
safflower seed oil
sage extract
salicin
salicylic acid
Salix alba extract
Salix nigra (willow) bark extract
Salvia hispanica (chia) seed oil
Salvia officinalis
Sambucus canadensis
Sambucus cerulea
Sambucus nigra
Sambucus nigra fruit extract
sandalwood oil
Santalum album seed extract
Sapindus mukurossi peel extract
Saponaria officinalis extract
saponin
sarcosine
Sargassum filipendula extract
sausurrea oil
Saxifraga sarmentosa extract
sclareolide
Sclerocarya birrea
sclerotium gum
Scutellaria baicalensis extract
SD alcohol
SD alcohol 40-2
sea buckthorn
Seamollient
sea salt
seaweed
sea whip extract
sebacic acid
selenium
Serenoa serrulata extract
sericin
serine
sesame oil
Sesamum indicum
sesquioleate
shea butter
Siegesbeckia orientalis
silanetriol
silica
silica dimethyl silylate
silicate
silicone
silk
silk powder
silk protein
siloxane
silt
silver
silver chloride
silver tip white tea leaf extract
Silybum marianum extract
simethicone
Simmondsia chinensis
skin-replenishing ingredients
skin-restoring ingredients
skullcap extract
slip agent
slippery elm bark
soap
soapberry extract
soapwort
sodium acetate
sodium acrylate/acryloydimethyl taurate copolymer
sodium ascorbate
sodium ascorbyl phosphate
sodium benzoate
sodium bicarbonate
sodium bisulfite
sodium borate
sodium C14-16 olefin sulfonate
sodium carbomer
sodium carbonate
sodium carboxymethyl beta-glucan
sodium cetearyl sulfate
sodium chloride
sodium chondroitin sulfate
sodium citrate
sodium cocoamphoacetate
sodium cocoate
sodium cocoyl amino acids
sodium cocoyl glutamate
sodium cocoyl isethionate
sodium dehydroacetate
sodium dilauramidoglutamide lysine
sodium hexametaphosphate
sodium hyaluronate
sodium hyaluronate crosspolymer
sodium hydroxide
sodium hydroxymethylglycinate
sodium lactate
sodium lactobionate
sodium laureth-13 carboxylate
sodium laureth sulfate
sodium lauroamphoacetate
sodium lauroyl lactylate
sodium lauroyl sarcosinate
sodium lauryl glucose carboxylate
sodium lauryl sulfate
sodium metabisulfite
sodium methyl cocoyl taurate
sodium methyl taurate
sodium myreth sulfate
sodium palmate
sodium palm kernelate
sodium PCA
sodium PEG-7 olive oil carboxylate
sodium phytate
sodium polyacrylate
sodium salicylate
sodium silicate
sodium stearoyl lactylate
sodium sulfite
sodium tallowate
sodium thioglycolate
sodium trideceth sulfate
Solanum lycopersicum extract
Solanum tuberosum extract
solvent
Sonojell
soothing agent
sorbic acid
sorbitan oleate
sorbitan sesquioleate
sorbitan stearate
sorbitol
soy extract
soy isoflavones
soy oil
spearmint oil
SPF
sphingolipids
Spiraea ulmaria
spirulina
squalane
squalene
St. John's wort
star anise
steapyrium chloride
stearalkonium chloride
stearalkonium hectorite
stearates
steareth-20
stearic acid
stearyl alcohol
stearyl dimethicone
stearyl glycyrrhetinate
stearyl methicone
stearyl stearate
styrax benzoin
styrene/acrylates copolymer
sucrose
sugarcane extract
sulfates
sulfur
sunflower seed oil
sun protection factor
superoxide dismutase
surfactant
sweet almond
sweet almond oil
Symphytum officinale extract
synthetic beeswax
synthetic wax
Szechuan peppercorn
talc
tallow
tamanu oil
Tanacetum parthenium
tangerine oil
tannic acid
tapioca starch
tartaric acid
TEA
TEA-lauryl sulfate
tea tree oil
terephthalylidene dicamphor sulfonic acid
tetradibutyl pentaerithrityl hydroxyhydrocinnamate
tetrahexyldecyl ascorbate
tetrahydrobisdemethoxycurcumin
tetrahydrobisdemethoxydiferuloylmethane
tetrahydrodemethoxycurcumin
tetrahydrodemethoxydiferuloylmethane
tetrahydrodiferuloylmethane
tetrahydromethoxycurcumin
tetrahydroxypropyl ethylenediamine
tetrasodium EDTA
tetrasodium etidronate
Theobroma cacao seed butter
thiamine HCL
thickening agent
thioctic acid
thiodipropionic acid
thiotaurine
threonine
thyme extract
thyme oil
thymus hydrolysate
Thymus serpillum extract
Thymus vulgaris
Thymus vulgaris oil
Tilia cordata
titanium dioxide
tocopherol
tocopherol acetate
tocopheryl acetate
tocopheryl lineolate
tocotrienols
tomato extract
tormentil extract
tragacanth
tranexamic acid
trehalose
tremella fuciformis sporocarp extract
tribehenin
tribehenin PEG-20 esters
tricaprylin
trideceth-12
trideceth-6
tridecyl salicylate
tridecyl stearate
tridecyl trimellitate
triethanolamine
triethoxycaprylylsilane
triethoxycaprylylsilane crosspolymer
triethoxysilylethyl polydimethylsiloxyethyl hexyl dimethicone
Trifolium pratense
triglyceride
trigonella foenum-graecum seed extract
trihydroxystearin
triisocetyl citrate
trilaurin
trimethylsiloxyamodimethicone
trimethylsiloxysilicate
trioclanolin
trioctanoin
trioctyldodecyl citrate
tripeptide-1
tripeptide-32
Tripleurospermum maritimum extract
trisodium EDTA
Triticum vulgare (wheat) germ extract
Triticum vulgare oil
troxerutin
tryptophan
turmeric
ubiquinone
Ulmus fulva bark extract
ultramarines
Ulva lactuca extract
Uncaria tomentosa extract
Undaria pinnatifida
urea
Urtica dioica
UVA
Uva ursi extract
UVB
VA/crotonates copolymer
Vaccinium macrocarpon fruit extract
Vaccinium myrtillus
Vaccinum Angustifolium (blueberry) fruit extract
valine
Vanilla planifolia fruit extract
verbena extract
vetiver oil or extract
vinyl dimethicone/methicone silsesquioxane crosspolymer
Viola tricolor extract
vitamin A
vitamin B1
vitamin B12
vitamin B2
vitamin B3
vitamin B5
vitamin B6
vitamin C
vitamin D
vitamin E
vitamin F
vitamin H
vitamin K
Vitis vinifera
volatile oil
VP/eicosene copolymer
VP/hexadecene copolymer
walnut extract
walnut oil
walnut shell powder
water
watercress extract
watermelon fruit extract
wheat amino acids
wheat germ glycerides
wheat germ oil
wheat protein
whey protein
white nettle
white oak bark extract
white tea leaf extract
white willow
wild ginger
willow bark
willow herb
wintergreen oil
witch hazel
xanthan gum
xanthophyll
Ximenia americana oil
Xi xin
xylitol
xylitylglucoside
xylose
xymenynic acid
yarrow extract
yeast
yeast extract
yellow 5
yellow 6 lake
yerba mate extract
ylang ylang
yogurt
yucca extract
Yucca schidigera
Zanthoxylum piperitum
zinc
zinc carbonate
zinc oxide
zinc PCA
zinc stearate
zinc sulfate
Zingiberaceae
Zingiber officinale roscoe
Zingiber zerumbet
Zizyphus jujuba fruit extract
"1, 2-Hexanediol"
10-Hydroxydecanoic Acid
4-T-butylcyclohexanol
Acacia farnesiana extract
acacia senegal gum
acai
acerola fruit extract
acetic acid
acetone
acetylated castor oil
acetylated hydrogenated cottonseed glyceride
acetylated lanolin
acetylated lanolin alcohol
acetylated palm kernel glycerides
acetyl carnitine HCL
acetyl glucosamine
acetyl glyceryl ricinoleate
acetyl hexapeptide-8
acetyl octapeptide-3
acetyl tributyl citrate
acetyl tyrosine
Achillea millefolium
acid
acne soap
acrylate
acrylates/C10-30 alkyl acrylate crosspolymer
acrylates/dimethicone copolymer
acrylates/steareth-20 methacrylate copolymer
acrylates copolymer
Actaea racemosa
adenosine
adenosine triphosphate
adipic acid/neopentyl glycol/trimellitic anhydride copolymer
advanced glycation endproduct (AGE)
Aerocarpus santalinus
Aesculus hippocastanum
agar
AGE
Agrimonia eupatoria leaf extract
AHA
Ahnfeltia concinna extract
ahnfeltia extract
Ahnfeltiopsis concinna extract
alanine
Alaria esculenta
albumin
alcloxa
alcohol
Aleurites moluccana seed oil
alfalfa extract
algae
algae extract
algin
aliphatic hydrocarbon
alkaline
alkyloamides
allantoin
allyl methacrylates crosspolymer
almond oil
Aloe barbadensis
aloe barbadensis leaf juice extract
aloe barbadensis leaf juice powder
aloe extract
aloe juice
aloe vera
alpha bisabolol
alpha glucan oligosaccharide
alpha hydroxy acid
alpha isomethyl ionone
alpha lipoic acid
alpha-tocopherol
Alteromonas ferment extract
Althaea rosea
Althea officinalis
alumina
aluminum
Aluminum hydroxide
aluminum magnesium silicate
aluminum powder
aluminum silicate
aluminum starch octenylsuccinate
aluminum stearate
aluminum sulfate
amino acid
aminobutyric acid
aminomethyl propanediol
aminomethyl propanol
ammonium acryloyldimethyltaurate/VP copolymer
ammonium chloride
ammonium glycolate
ammonium hydroxide
ammonium laureth sulfate
ammonium lauryl sulfate
amodimethicone
amygdalic acid
amyl cinnamate
amyl salicylate
amyris oil
Anacyclus pyrethrum
Anacystis nidulans extract
Ananas sativus fruit extract
andiroba oil
Anethum graveolens
Angelica archangelica root oil
Angelica polymorpha sinensis root extract
anhydroxylitol
anisaldehyde
anise
annato extract
Anthemis nobilis flower extract
anthocyanin
antioxidant
apple fruit extract
apricot kernel
apricot kernel oil
arachidic acid
arachidyl alcohol
arachidyl glucoside
arachidyl propionate
Arachis hypogaea extract
arbutin
Arctium lappa
Arctium majus
Arctostaphylos uva ursi leaf
Argania spinosa
argan oil
arginine
Argireline
arnica extract
aroma/flavor
arrowroot
artemia extract
Artemisia absinthium extract
Artemisia vulgaris
Ascophyllum nodosum
ascorbic acid
ascorbyl glucosamine
ascorbyl glucoside
ascorbyl methylsilanol pectinate
ascorbyl palmitate
asparagine
Asparagopsis armata extract
aspartic acid
astaxanthin
astaxanthin extract
Astragalus membranaceus
Astragalus sinicus
Astrocaryum murumuru seed butter
ATP
atractylodes macrocephala root powder
Atractyloydes lancea root extract
Avena sativa
avobenzone
avocado oil
awapuhi
Azadirachta indica
azelaic acid
azelaoyl bis-dipeptide-10
Azelex
azuki beans
azulene
babassu oil
bakuchiol
balm mint extract
balsam peru
Bambusa vulgaris (bamboo) leaf/stem extract
banana extract
barberry
barium sulfate
barley extract
batyl alcohol
bay leaf oil
bearberry extract
bee pollen
beeswax
beet root extract
beheneth-5
behenic acid
behentrimonium chloride
behenyl alcohol
Bellis perennis
bentonite
benzalkonium chloride
benzephenone-3
benzoic acid
benzoin extract
benzophenone
benzothonium chloride
benzoyl peroxide
benzyl alcohol
benzyl salicylate
Berberis aristata
bergamot oil
Bertholletia excelsa extract
beta-carotene
beta-glucan
beta hydroxy acid
betaine salicylate
beta-sitosterol
Beta vulgaris root extract
Betula alba
BHA (beta hydroxy acid)
BHT
bifida ferment lysate
bilberry extract
bioflavonoid
biotin
birch bark extract
birch leaf extract
bisabolol
bis-diglyceryl polyacyladipate
bismuth oxychloride
bis-PEG-18 methyl ether dimethyl silane
bis-phenylpropyl dimethicone
bitter orange flower
blackberry
black cohosh
black currant oil
black elderberry
black locust extract
black mulberry
black pepper extract and oil
black raspberry
black tea
bladderwrack extract
bloodwort
blue 1
blue 1 lake
Boerhavia diffusa root extract
bois de rose oil
bois oil
borage seed extract
borage seed oil
Borago officinalis extract
Borago officinalis seed oil
borate
borax
boric acid
boron nitride
Boswellia carterii
Boswellia serrata extract
botanicals
boysenberry
Brassica campestris
Brazil nut extract
broad spectrum
bromelain
bronopol
bronze powder
Buddleja davidii extract
bumetrizole
Bupleurum falcatum extract
burdock root
butyl acetate
butylene glycol
butyl methoxydibenzoylmethane
butylparaben
butylphenyl methylpropional
Butyrospermum fruit
Butyrospermum parkii
Butyrosperum parkii (shea) butter extract
Buxus chinensis
C10-30 cholesterol/lanosterol esters
C11-15 pareth-7
C12-15 alkyl benzoate
C12-16 pareth-9
C12-18 acid triglyceride
C13-14 isoparaffin
C18-36 acid triglyceride
C20-40 pareth-40
caffeic acid
caffeine
cajeputi oil
calamine
calcium ascorbate
calcium carbonate
calcium d-pantetheine-s-sulfonate
calcium gluconate
calcium pantothenate
calendula extract
Calendula officinalis flower extract
Calluna vulgaris flower extract
Calophyllum inophyllum seed oil
Camellia japonica
Camellia oleifera
Camellia sinensis
camphor
cananga extract
Cananga odorata
candelilla/jojoba/rice bran polyglyceryl-3 esters
candelilla wax
Cannabis sativa L. oil
canola oil
caprooyl phytosphingosine
caprooyl sphingosine
caprooyl tetrapeptide-3
caprylic/capric triglyceride
capryloyl glycerin/sebacic acid copolymer
capryloyl glycine
caprylyl caprylate/caprate
caprylyl glycol
caprylyl methicone
capsaicin
capsicum
capsicum oleoresin
caramel
carbomer
carbopol
carboxylic acid
cardamom
carmine
carnauba wax
carnitine
carnosic acid
carnosine
carnosol acid
carrageenan
carrot oil
Carthamus tinctorius oil
carvone
Carya illinoensis oil
casein
Castanea sativa seed extract
castor isostearate succinate
castor oil
catalase
Caulerpa taxifolia extract
cedarwood
Cedrus atlantica bark extract
cellulose
Cellulose gum
Centaurea cyanus
Centella asiatica
cephalin
Cera alba
cera microcristallina
ceramide AP
ceramide EOP
ceramide EOS
ceramide NG
ceramide NP
ceramide NS
ceramides
ceresin
ceteareth-20
ceteareth-25
cetearyl alcohol
cetearyl ethylhexanoate
cetearyl glucoside
cetearyl octanoate
cetyl acetate
cetyl alcohol
cetyl dimethicone
cetyl dimethicone copolyol
cetyl esters
cetyl hydroxyethylcellulose
cetyl palmitate
cetyl PEG/PPG-10/1-dimethicone
chamomile
Chamomilla recutita flower extract
charcoal
charcoal powder
chelating agent
cherry extract
China clay
chitosan
chlorella
chlorophene
chloroxylenol
chlorphenesin
cholecalciferol
cholesterol
choline
chondroitin sulfate
Chondrus crispus
chromium hydroxide green
chromium oxide green
chrysanthemum extract
Chrysanthemum parthenium extract
Cichorium intybus
Cimicifuga racemosa root extract
Cinnamomum
Cinnamomum camphora
cinnamon
cinnamyl alcohol
citrate buffer
citric acid
citronellol
Citrullus colocynthis
Citrus amara
Citrus aurantifolia
Citrus aurantium
Citrus aurantium extract
Citrus medica limonium
Citrus unshiu
Citrus unshiu peel extract
clary oil
clary sage
clay
clove leaf
clove oil
clover blossom
clover leaf oil
cocamide DEA and MEA
cocamidopropyl betaine
cocamidopropyl dimethylamine
cocamidopropyl hydroxysultaine
cocoa butter
cocoa extract
coco-glucoside
cocoglycerides
coconut
coconut oil
cocos nucifera (coconut) fruit extract
Cocus nucifera
Codium tomentosum extract
coenzyme Q10
Coffea arabica (coffee) seed oil
Coffea arabica seed extract
Cola acuminata seed extract
Coleus barbatus
collagen amino acids
colloidal oatmeal
colloidal silver
comfrey extract
Commiphora myrrha extract
coneflower
Copaifera officinalis
Copernicia cerifera wax
copper gluconate
copper lysinate/prolinate
copper PCA
copper peptides
copper sulfate
Corallina officinalis extract
coriander
cornflower
cornmint
corn oil
cornstarch
Cornus extract
Corylus americana
Corylus avellana
coumarin
cranberry seed extract
cranberry seed oil
Crataegus monogina extract
creatine
cucumber extract
Cucumis melo (melon) fruit extract
Cucumis sativus extract
Cucurbita pepo seed extract
Cucurbitea peponis
Curcuma longa root
curcumin
Cyamopsis tetragonoloba
cyanocobalamin
cyclamen aldehyde
cyclohexasiloxane
cyclomethicone
cyclopentasiloxane
cyclotetrasiloxane
Cymbopogon citrates
Cymbopogon martini
cysteine
cystine
D&C
D&C colors
daisy flower extract
d-alpha-tocopherol
Daucus carota
DEA oleth-10 phosphate
decarboxy carnosine HCL
decylene glycol
decyl glucoside
decyl oleate
dehydroacetic acid
dehydroepiandrosterone
deionized/demineralized water
denatured alcohol
deoxyribonucleic acid
detergent cleansing agent
deuterium oxide
dextran
dextrin
DHA
diatomaceous earth
diazolidinyl urea
dibutyl phthalate
dicaprylyl carbonate
dicetyl phosphate
diethylhexyl carbonate
diethylhexyl malate
diethylhexyl syringylidenemalonate
diheptyl succinate
dihydrocholeth-30
dihydroxyacetone
diisopropyl adipate
diisopropyl dimer dilinoleate
diisostearoyl trimethylolpropane siloxy silicate
diisostearyl dimer dilinoleate
diisostearyl malate
dimer dilinoleyl dimer dilinoleate
dimethicone
dimethicone/PEG-10/15 crosspolymer
dimethicone/vinyl dimethicone crosspolymer
dimethicone copolyol
dimethicone crosspolymer
dimethiconol
dimethyl capramide
dimethyl ether
dimethyl isosorbide
dimethyl MEA
Dioscorea villosa extract
dipentaerythrityl hexacaprylate/hexacaprate
dipotassium glycyrrhizate
dipotassium glycyrrhizinate
dipotassium phosphate
di-PPG-3 myristyl ether adipate
dipropylene glycol
disodium cocoamphodiacetate
disodium cocoyl glutamate
disodium diglyceryl phosphate
disodium EDTA
disodium glyceryl phosphate
disodium lauraminopropionate
disodium lauriminodipropionate tocopheryl phosphates
disodium rutinyl disulfate
disteardimonium hectorite
DMAE
DMDM hydantoin
docosahexaenoic acid
dog rose
dogwood
Dromiceius oil
dulse
Dunaliella salina extract
durian
Durvillaea antarctica extract
ecamsule
Echium plantagineum seed oil
ectoin
EDTA
egg yolk
eicosapentaenoic acid
Elaeis guineensis
elderberry
elecampane
ellagic acid
emollient
emulsifier
emu oil
English ivy extract
Enteromorpha compressa extract
environmental damage
enzymes
epigallocatechin gallate
Epilobium angustifolium extract
Equisetum arvense
ergocalciferol
ergothioneine
Eriobotrya japonica
erythrulose
esculin
essential oil
ester
Ester-C
ethanol
ethoxydiglycol
ethyl alcohol
ethyl hexanediol
ethylhexylglycerin
ethylhexyl methoxycinnamate
ethylhexyl olivate
ethylhexyl palmitate
ethylhexyl stearate
ethylparaben
ethyl vanillin
eucalyptus extract
eucalyptus oil
Eugenia aromatica
Eugenia caryophyllus
eugenol
Euphorbia cerifera wax
Euphrasia officinalis
Euterpe oleracea fruit extract
evening primrose oil
Evodia rutaecarpa extract
Ext. D&C
eyebright
faex
farnesol
farnesyl acetate
fatty acid
fatty alcohol
FD&C
FD&C colors
fennel oil
fennel seed extract
ferric ammonium ferrocyanide
ferric ferrocyanide
Ferula galbaniflua
ferulic acid
feverfew extract
fibronectin
Ficus carica fruit extract
fig
Filipendula glaberrima
Filipendula rubra
film-forming agent
fireweed extract
fir needle oil
fish cartilage extract
flavonoid
flavor
flax
flaxseed oil
floralozone
Foeniculum vulgare extract
folic acid
formaldehyde-releasing preservative
fragrance
frankincense extract
fructose
fruit acid
Fucus vesiculosus extract
Fu ling
fuller's earth
galactoarabinan
galbanum
gamma linolenic acid (GLA)
Ganoderma lucidum extract
Gardenia florida extract
gelatin
gellan gum
Gellidiela acerosa extract
genistein
Gentiana lutea (Gentian) root extract
geraniol
geranium extract
geranium oil
Geranium pretense
Germaben II
ginger extract
ginger oil
Ginkgo biloba leaf extract
ginseng
GLA
glabridin
gluconolactone
glucosamine HCL
glucose
glucose oxidase
glucosyl hesperidin
glutamic acid
glutamine
glutathione
gluten ingredients
glycereth-26
glycereth-26 phosphate
glycereth-6 laurate
glycerin
glycerine
glycerol
glycerol monostearate
glycerol triacetate
glycerol trioleate
glyceryl ascorbate
glyceryl behanate
glyceryl behenate
glyceryl behenate/eicosadioate
glyceryl cocoate
glyceryl dibehanate
glyceryl dipalmitate
glyceryl distearate
glyceryl ester
glyceryl isopalmitate
glyceryl isostearate
glyceryl myristate
glyceryl oleate
glyceryl palmitate
glyceryl polymethacrylate
glyceryl rosinate
glyceryl stearate
glyceryl stearate SE
glycine
Glycine soja oil
Glycine soja seed extract
Glycine soja sterols
glycogen
glycolic acid
glycolipid
glycol stearate
glycoproteins
glycosaminoglycans
glycosphingolipid
glycyrrhetic acid
glycyrrhetinic acid
Glycyrrhiza glabra
Glycyrrhiza uralensis root extract
goji fruit extract
gold
Gossypium herbacuem seed oil
gotu kola
grapefruit oil
grapefruit peel extract
grapefruit seed extract
grape seed extract
grape seed oil
green tea
gromwell
guarana
guar gum
guar hydroxypropyltrimonium chloride
guava
gums
Haematococcus pluvialis extract
Hamamelis virginiana
hamamelitannin
Haslea ostrearia extract
hayflower extract
hazelnut oil
hectorite
Hedera helix
hedione
Helianthus annuus seed oil
Helianthus oil
hemp seed oil
hesperidin
hesperidin methyl chalcone
hexanoyl dipeptide-3 norleucine acetate
hexyl cinnamal
hexyldecanol
hexylene glycol
hexyl laurate
hexylresorcinol
hibiscus
Himanthalia elongate extract
Hippophae rhamnoides
histidine
hoelen
homosalate
honey
honey extract
honeysuckle flower extract
hops
Hordeum vulgare extract
horse chestnut extract
horse elder
horseradish
horsetail extract
Hortonia floribunda leaf extract
Huang qi
Humulus lupulus extract
hyaluronic acid
Hydnocarpus anthelmintica
Hydrastis canadenis
hydrocotyl extract
hydrogenated coco-glyceride
hydrogenated didecene
hydrogenated lecithin
hydrogenated olive oil
hydrogenated palm glycerides
hydrogenated polydecene
hydrogenated polyisobutene
hydrogenated soybean oil
hydrogenated starch hydrolysate
hydrogenated vegetable glycerides citrate
hydrogen peroxide
hydrolyzed acacia macrostachya seed extract
hydrolyzed corn starch
hydrolyzed glycosaminoglycans
hydrolyzed jojoba esters
hydrolyzed jojoba protein
hydrolyzed silk
hydrolyzed soy protein
hydrolyzed vegetable protein
hydrolyzed wheat protein
hydroquinone
hydroxyethyl acrylate/sodium acryloyl dimethyl taurate copolymer
hydroxyethylcellulose
hydroxyethylpiperazine ethane sulfonic acid
hydroxyethyl urea
hydroxylated lecithin
hydroxypropyl cyclodextrin
hydroxypropyl guar
hydroxypropyl starch phosphate
Hypericum extract
hyssop
idebenone
Ilex paraguariensis
Illicium vernum
imidazolidinyl urea
inactive ingredient
inositol
Inula helenium
iodopropynyl butylcarbamate
Iris florentina extract
Irish moss extract
iron oxides
iron powder
isoamyl laurate
isobutyl acetate
isobutylparaben
isocetyl salicylate
isododecane
isoflavone
isohexadecane
isoleucine
isononyl isononanoate
isoparaffin
isopropyl alcohol
isopropyl isostearate
isopropyl lanolate
isopropyl myristate
isopropyl palmitate
isopropyl titanium triisostearate
isopropyl titanium triisostearte/triethoxycaprylylsilane crosspolymer
isostearamide DEA
isostearic acid
ivy extract
Japan wax
jasmine oil
Jasminium grandiflorum
jojoba butter
jojoba esters
jojoba oil
jojoba wax
jonquil extract
Ju hua
jujube fruit extract
juniper berry
Juniperus communis
kaolin
Kathon CG
kava-kava extract
kawa extract
kelp extract
Kigelia africana extract
kiwi fruit extract
kojic acid
kojic dipalmitate
kola nut
kudzu root
kukui nut oil
lactic acid
lactobionate
lactobionic acid
lactoperoxidase
lady's mantle extract
lady's thistle (milk thistle) extract
Lagerstroemia indica extract
Laminaria digitata
Laminaria longicruris
Laminaria ochroleuca extract
Laminaria sacharrina
Lamium album flower extract
lanolin
lanolin alcohol
lappa extract
Larrea divaricata extract
Larrea tridentata
L-ascorbic acid
lauramphocarboxyglycinate
laurdimonium hydroxypropyl hydrolyzed soy protein
laurdimonium hydroxypropyl hydrolyzed wheat protein
laureth-23
laureth-4
laureth-7
laureths
lauric acid
lauroyl lysine
Laurus nobilis
lauryl alcohol
lauryl glucoside
lauryl lactate
lauryl laurate
lauryl PEG-9 polydimethylsiloxyethyl dimethicone
lavandin oil
Lavandula angustifolia
Lavandula officinalis
lavender extract and oil
L-cysteine
lecithin
lemon
lemon balm
lemongrass extract
lemongrass oil
lemon juice
lemon oil
lentil fruit extract
Lentinus edodes extract
Leontopodium alpinum extract
Leptospermum scoparium oil
leucine
Levisticum officinale root extract
licorice extract
licorice root
Lilium candidum bulb extract
lime oil and extract
Limnanthes alba
Limnanthes alba seed oil
limonene
linalool
linden flower extract
linoleic acid
linolenic acid
linseed oil
Linum usitatissimum extract
lipid
liposomes
lithium magnesium sodium silicate
Lithospermum erythrorhizon
Litsea cubeba
locust bean
Lonicera caprifolium flower extract
Lonicera japonica 
Lonicera japonica flower extract
loquat extract
lotus seed extract
lovage root extract
lupine
lupine oil
Lupinus albus extract
lutein
Lycium barbarum fruit extract
lycopene
lye
lysine
macadamia nut oil
madecassoside
magnesium
magnesium aluminum silicate
magnesium ascorbyl palmitate
magnesium ascorbyl phosphate
magnesium carbonate
magnesium hydroxide
magnesium laureth sulfate
magnesium oleth sulfate
magnesium stearate
magnesium sulfate
Mahonia aquifolium root extract
malic acid
mallow
maltodextrin
maltooligosyl glucoside
malvaceae extract
Malva sylvestris extract
mandarin orange oil or extract
mandelic acid
manganese gluconate
manganese violet
Mangifera indica (mango) seed butter
Mangifera indica root
manuka oil
marigold
marionberry
marjoram
marshmallow
Mastocarpus stellatus
mate extract
matricaria oil
MEA
meadowfoam seed oil
meadowsweet extract
Medicago sativa
Melaleuca alternifolia
Melaleuca cajeputi oil
Melia azadirachta extract
Melia azadirachta oil
melibiose
Melissa officinalis
Mentha arvensis
Mentha piperita
Mentha spicata
Mentha viridis
menthol
menthone
menthoxypropanediol
menthyl anthranilate
menthyl lactate
meradmiate
methanol
methicone
methionine
methylchloroisothiazolinone
methyldibromo glutaronitrile
methyldihydrojasmonate
methyl gluceth-20
methyl gluceth-20 benzoate
methyl glucose sesquistearate
methylglucoside phosphate
methylisothiazolinone
methylparaben
methylpropanediol
methylsilanol mannuronate
methylsilanol PEG-7 glyceryl cocoate
methylsufonylsulfate
methyl trimethicone
Mexoryl SX
mica
microcrystalline wax
Microcystis aeruginosa
milk protein
milk vetch root
millet seed extract
mimosa oil or extract
mineral oil
mint
mixed fruit extracts
montan wax
montmorillonite
Morinda citrifolia
Morus alba root extract
Morus bombycis root extract
Morus nigra root extract
mucopolysaccharide
Mucor miehei extract
mugwort extract
mulberry extract
murumuru seed butter
myristic acid
myristoyl hexapeptide-16
myristoyl pentapeptide-17
myristoyl tripeptide-31
myristyl alcohol
myristyl myristate
myristyl nicotinate
myrrh
myrtle extract
Myrtus communis extract
N6-furfuryladenine
N-acetyl-L tyrosine
NaPCA
Narcissus poeticus wax
Nardostachys jatamansi
Nasturtium officinale extract
natto gum
natural moisturizing factor (NMF)
neem extract
neem oil
neopentyl glycol dicaprylate/dicaprate
neopentyl glycol diheptanoate
neroli
neroli oil
nettle extract
niacin
niacinamide
nicotinamide
nicotinic acid
noni juice
nonoxynols
nylon-12
Nymphaea tetragona
oak root extract
oat beta-glucan
oat bran extract
oat kernel extract
oatmeal
octinoxate
octisalate
octocrylene
octyldodecanol
octyldodecyl myristate
octyldodecyl neopentanoate
octyl methoxycinnamate
octyl palmitate
octyl salicylate
octyl stearate
o-cymen-5-ol
Oenothera biennis oil
Olea europaea fruit oil
Olea europaea oil unsaponifiables
oleanolic acid
oleic acid
oleth-10
oleths
oleyl erucate
olibanum extract
olive oil/olive fruit oil
orange blossom
Orbignya martiana
Orbignya oleifera
orchid
oregano
Origanum majorana
Origanum vulgare flower extract
orris root
oryzanol
Oryza sativa cera
Oryza sativa oil
oxidoreductase
oxybenzone
ozokerite
P. elisabethae
PABA
padimate O
Padina pavonica extract
Paeonia albiflora extract
Paeonia suffruticosa extract
Palmaria palmata extract
palmarosa oil
palmitic acid
palmitoyl hexapeptide-12
palmitoyl oligopeptide
palmitoyl pentapeptide-4
palmitoyl tetrapeptide-7
palmitoyl tripeptide-1
Palmitoyl Tripeptide-38
palmitoyl tripeptide-5
palmitoyl tripeptide-8
palm kernel acid
palm oil
Panax ginseng root extract
Panicum miliaceum
pansy extract
pantethine
panthenol
pantothenic acid
papain
papaya extract
para-aminobenzoic acid (PABA)
parabens
paraffin
Paraffinum liquidum
Parsol 1789
Passiflora edulis extract
Passiflora edulis seed oil
passion fruit extract
patchouli
pawpaw extract
PCA
peanut oil
pecan oil
pectin
PEG/PPG-17/6 copolymer
PEG/PPG-18/18 dimethicone
PEG/PPG-18/4 copolymer
PEG/PPG-20/15 dimethicone
PEG-100 stearate
PEG-10 dimethicone
PEG-10 dimethicone/vinyl dimethicone crosspolymer
PEG-10 phytosterol
PEG-10 rapeseed sterol
PEG-120 methyl glucose dioleate
PEG-12 dimethicone
PEG-12 glyceryl dimyristate
PEG-14
PEG-150 distearate
PEG-20 methyl glucose sesquistearate
PEG-32
PEG-33
PEG-40 hydrogenated castor oil
PEG-40 stearate
PEG-60 almond glycerides
PEG-60 hydrogenated castor oil
PEG-75 shea butter glycerides
PEG-7 glyceryl cocoate
PEG-8
PEG-80 sorbitan laurate
PEG-8 dimethicone
PEG 90M
PEG compound
Pelargonium graveolens oil
pellitory
pentadecalactone
pentaerythrityl tetraisostearate
pentaerythrityl tetraoctanoate
pentapeptides
pentasodium pentetate
pentylene glycol
peppermint
peptides
Perilla ocymoides
Persea gratissima oil
Persicaria hydropiper
petitgrain mandarin
petrolatum
Peucedanum graveolens (dill) extract
PHA
phenoxyethanol
phenoxyisopropanol
phenylalanine
phenylethyl resorcinol
phenyl trimethicone
phloretin
phosphatidylcholine
phosphatidylethanolamine
phospholipid
phosphoric acid
photosensitizer
phthalates
Phyllanthus emblica fruit extract
physalis angulata extract
phytantriol
phytic acid
phytonadione
phytosphingosine
phytosterol
phytosteryl/octyldodecyl lauroyl glutamate
Picea abies extract
pineapple extract
pinecone extract
pine oil
Pinus lambertiana wood extract
Pinus sylvestris extract
Piper nigrum
pistachio seed oil
Pistacia vera seed oil
Pisum sativum
plankton extract
plasticizing agents
plum extract
plum seed oil
Pogostemon cablin
poloxamer 184
Poloxamer 407
poloxamers
polyacrylamide
polyacrylate-17
polyacrylate crosspolymer
polyaminopropyl biguanide
polybutene
polyethylene
polyethylene glycol
polyglucuronic acid
polyglycerol monostearate
polyglyceryl-10 laurate
polyglyceryl 2 triisostearate
polyglyceryl-3 beeswax
polyglyceryl-3 methylglucose distearate
polyglyceryl-3 rice branate
polyglyceryl-4 isostearate
polyglyceryl-6 isostearate
polyglyceryl methacrylate
polyhydroxy acid
polyhydroxystearic acid
polyisobutene
polymer
polymethylsilsesquioxane
polypropylene glycol
polyquaternium-10
polyquaterniums
polysaccharide
polysilicone-11
polysorbate 20
polysorbate 60
polysorbate 80
polysorbates
polyvinyl alcohol
polyvinylpyrrolidone
pomegranate extract
Pongamia glabra seed oil
Poria cocos extract
Porphyridium cruentum extract
Portulaca oleracea extract
potassium
potassium ascorbyl tocopheryl phosphate
potassium cetyl phosphate
potassium hydroxide
potassium myristate
potassium phosphate
potassium sorbate
PPG-12/SMDI copolymer
PPG-12 buteth-16
PPG-14 butyl ether
PPG-20 methyl glucose ether
PPG-26-Buteth-26
PPG-2-deceth-30
PPG-2 myristyl ether propionate
PPG-3 benzyl ether myristate
preservatives
proline
propanediol
propolis
propylene carbonate
propylene glycol
propylene glycol dicaprylate/dicaprate
propylene glycol isostearate
propylene glycol laurate
propylene glycol stearate
propyl gallate
propylparaben
Prunella vulgaris
Prunus americana
Prunus amygdalus dulcis
Prunus armeniaca
Prunus domestica seed extract
Prunus domestica seed oil
Prunus dulcis
Pseudopterogorgia elisabethae
Psidium guajava fruit extract
Pueraria lobata
pullulan
pumpkin
pumpkin seed extract
Punica granatum extract
purified water
PVM/MA decadiene crosspolymer
PVP
PVP/dimethylaminoethylmethacrylate
PVP copolymer
pycnogenol
pyridoxine hydrochloride (HCL)
Pyrus cydonia
Pyrus malus (apple) fruit extract
quaternium-15
quaternium-18 hectorite
quaternium ammonium compounds
quercetin
quercus
Quercus infectoria extract
quillaja extract
quince seed
quinoa oil
rapeseed oil
raspberry seed extract
raspberry seed oil
red 27 lake
red 33
red 6 lake
red algae
red clover
red raspberry extract
reducing agent
resveratrol
retinol
retinyl ascorbate
retinyl palmitate
retinyl retinoate
Rhodiola rosea root extract
riboflavin
rice bran oil
rice oil
rice starch
ricinoleate
Ricinus communis
Robinia pseudacacia extract
Rosa canina
Rosa centifolia
Rosa centifolia flower
Rosa damascena oil
Rosa eglanteria
Rosa gallica flower extract
Rosa mosqueta
Rosa roxburghii extract
Rosa rubiginosa
rose flower
rose flower oil
rose hip
rose hip oil
rosemary extract
rosemary oil
rose oil
rosewood oil
Rosmarinus officinalis extract
royal jelly
Rubus idaeus
Rubus occidentalis
Rubus ursinus
Rubus ursinus x idaeus
Rubus villoscus
Ruscus aculeatus
rutin
saccharide isomerate
saccharides
Saccharomyces calcium ferment
Saccharomyces cerevisiae
Saccharomyces copper ferment
Saccharomyces iron ferment
Saccharomyces lysate
Saccharomyces magnesium ferment
Saccharomyces manganese ferment
Saccharomyces officinarum ferment
Saccharomyces potassium ferment
saccharomyces selenium ferment
Saccharomyces silicon ferment
Saccharomyces zinc ferment
safflower seed oil
sage extract
salicin
salicylic acid
Salix alba extract
Salix nigra (willow) bark extract
Salvia hispanica (chia) seed oil
Salvia officinalis
Sambucus canadensis
Sambucus cerulea
Sambucus nigra
Sambucus nigra fruit extract
sandalwood oil
Santalum album seed extract
Sapindus mukurossi peel extract
Saponaria officinalis extract
saponin
sarcosine
Sargassum filipendula extract
sausurrea oil
Saxifraga sarmentosa extract
sclareolide
Sclerocarya birrea
sclerotium gum
Scutellaria baicalensis extract
SD alcohol
SD alcohol 40-2
sea buckthorn
Seamollient
sea salt
seaweed
sea whip extract
sebacic acid
selenium
Serenoa serrulata extract
sericin
serine
sesame oil
Sesamum indicum
sesquioleate
shea butter
Siegesbeckia orientalis
silanetriol
silica
silica dimethyl silylate
silicate
silicone
silk
silk powder
silk protein
siloxane
silt
silver
silver chloride
silver tip white tea leaf extract
Silybum marianum extract
simethicone
Simmondsia chinensis
skin-replenishing ingredients
skin-restoring ingredients
skullcap extract
slip agent
slippery elm bark
soap
soapberry extract
soapwort
sodium acetate
sodium acrylate/acryloydimethyl taurate copolymer
sodium ascorbate
sodium ascorbyl phosphate
sodium benzoate
sodium bicarbonate
sodium bisulfite
sodium borate
sodium C14-16 olefin sulfonate
sodium carbomer
sodium carbonate
sodium carboxymethyl beta-glucan
sodium cetearyl sulfate
sodium chloride
sodium chondroitin sulfate
sodium citrate
sodium cocoamphoacetate
sodium cocoate
sodium cocoyl amino acids
sodium cocoyl glutamate
sodium cocoyl isethionate
sodium dehydroacetate
sodium dilauramidoglutamide lysine
sodium hexametaphosphate
sodium hyaluronate
sodium hyaluronate crosspolymer
sodium hydroxide
sodium hydroxymethylglycinate
sodium lactate
sodium lactobionate
sodium laureth-13 carboxylate
sodium laureth sulfate
sodium lauroamphoacetate
sodium lauroyl lactylate
sodium lauroyl sarcosinate
sodium lauryl glucose carboxylate
sodium lauryl sulfate
sodium metabisulfite
sodium methyl cocoyl taurate
sodium methyl taurate
sodium myreth sulfate
sodium palmate
sodium palm kernelate
sodium PCA
sodium PEG-7 olive oil carboxylate
sodium phytate
sodium polyacrylate
sodium salicylate
sodium silicate
sodium stearoyl lactylate
sodium sulfite
sodium tallowate
sodium thioglycolate
sodium trideceth sulfate
Solanum lycopersicum extract
Solanum tuberosum extract
solvent
Sonojell
soothing agent
sorbic acid
sorbitan oleate
sorbitan sesquioleate
sorbitan stearate
sorbitol
soy extract
soy isoflavones
soy oil
spearmint oil
SPF
sphingolipids
Spiraea ulmaria
spirulina
squalane
squalene
St. John's wort
star anise
steapyrium chloride
stearalkonium chloride
stearalkonium hectorite
stearates
steareth-20
stearic acid
stearyl alcohol
stearyl dimethicone
stearyl glycyrrhetinate
stearyl methicone
stearyl stearate
styrax benzoin
styrene/acrylates copolymer
sucrose
sugarcane extract
sulfates
sulfur
sunflower seed oil
sun protection factor
superoxide dismutase
surfactant
sweet almond
sweet almond oil
Symphytum officinale extract
synthetic beeswax
synthetic wax
Szechuan peppercorn
talc
tallow
tamanu oil
Tanacetum parthenium
tangerine oil
tannic acid
tapioca starch
tartaric acid
TEA
TEA-lauryl sulfate
tea tree oil
terephthalylidene dicamphor sulfonic acid
tetradibutyl pentaerithrityl hydroxyhydrocinnamate
tetrahexyldecyl ascorbate
tetrahydrobisdemethoxycurcumin
tetrahydrobisdemethoxydiferuloylmethane
tetrahydrodemethoxycurcumin
tetrahydrodemethoxydiferuloylmethane
tetrahydrodiferuloylmethane
tetrahydromethoxycurcumin
tetrahydroxypropyl ethylenediamine
tetrasodium EDTA
tetrasodium etidronate
Theobroma cacao seed butter
thiamine HCL
thickening agent
thioctic acid
thiodipropionic acid
thiotaurine
threonine
thyme extract
thyme oil
thymus hydrolysate
Thymus serpillum extract
Thymus vulgaris
Thymus vulgaris oil
Tilia cordata
titanium dioxide
tocopherol
tocopherol acetate
tocopheryl acetate
tocopheryl lineolate
tocotrienols
tomato extract
tormentil extract
tragacanth
tranexamic acid
trehalose
tremella fuciformis sporocarp extract
tribehenin
tribehenin PEG-20 esters
tricaprylin
trideceth-12
trideceth-6
tridecyl salicylate
tridecyl stearate
tridecyl trimellitate
triethanolamine
triethoxycaprylylsilane
triethoxycaprylylsilane crosspolymer
triethoxysilylethyl polydimethylsiloxyethyl hexyl dimethicone
Trifolium pratense
triglyceride
trigonella foenum-graecum seed extract
trihydroxystearin
triisocetyl citrate
trilaurin
trimethylsiloxyamodimethicone
trimethylsiloxysilicate
trioclanolin
trioctanoin
trioctyldodecyl citrate
tripeptide-1
tripeptide-32
Tripleurospermum maritimum extract
trisodium EDTA
Triticum vulgare (wheat) germ extract
Triticum vulgare oil
troxerutin
tryptophan
turmeric
ubiquinone
Ulmus fulva bark extract
ultramarines
Ulva lactuca extract
Uncaria tomentosa extract
Undaria pinnatifida
urea
Urtica dioica
UVA
Uva ursi extract
UVB
VA/crotonates copolymer
Vaccinium macrocarpon fruit extract
Vaccinium myrtillus
Vaccinum Angustifolium (blueberry) fruit extract
valine
Vanilla planifolia fruit extract
verbena extract
vetiver oil or extract
vinyl dimethicone/methicone silsesquioxane crosspolymer
Viola tricolor extract
vitamin A
vitamin B1
vitamin B12
vitamin B2
vitamin B3
vitamin B5
vitamin B6
vitamin C
vitamin D
vitamin E
vitamin F
vitamin H
vitamin K
Vitis vinifera
volatile oil
VP/eicosene copolymer
VP/hexadecene copolymer
walnut extract
walnut oil
walnut shell powder
water
watercress extract
watermelon fruit extract
wheat amino acids
wheat germ glycerides
wheat germ oil
wheat protein
whey protein
white nettle
white oak bark extract
white tea leaf extract
white willow
wild ginger
willow bark
willow herb
wintergreen oil
witch hazel
xanthan gum
xanthophyll
Ximenia americana oil
Xi xin
xylitol
xylitylglucoside
xylose
xymenynic acid
yarrow extract
yeast
yeast extract
yellow 5
yellow 6 lake
yerba mate extract
ylang ylang
yogurt
yucca extract
Yucca schidigera
Zanthoxylum piperitum
zinc
zinc carbonate
zinc oxide
zinc PCA
zinc stearate
zinc sulfate
Zingiberaceae
Zingiber officinale roscoe
Zingiber zerumbet
Zizyphus jujuba fruit extract
