Date,_cached_page_id,_template,_type,url,Text
['2018-03-25 00:00:00'],7381bb9de676f06ffefa047bf5bc483d06b22a1a,a1f1-4db4-aeed,Period Skin Care Companies maternity skin care,https://www.allure.com/story/how-to-prevent-chin-jawline-breakouts,
['2016-12-13 00:00:00'],ae94750f859f70cf7185e74ac60ed05b48f06323,a1f1-4db4-aeed,Period Skin Care Companies maternity skin care,https://www.allure.com/story/where-not-to-pop-pimple-on-face,
['2018-03-30 00:00:00'],d9099d93992721066e59288f6a36f8dc26c72da9,a1f1-4db4-aeed,Period Skin Care Companies maternity skin care,https://www.allure.com/story/teen-blind-acne-medication-doxycycline,
['2018-04-04 00:00:00'],1e59684c781c8c2834f1916bfa4fd13963036512,a1f1-4db4-aeed,Period Skin Care Companies maternity skin care,https://www.allure.com/story/dr-pimple-popper-rose-cyst-extraction-video,
['2018-04-05 00:00:00'],0ad6f305c1ac3631639bf86b7603ecd5880e6d44,a1f1-4db4-aeed,Period Skin Care Companies maternity skin care,https://www.allure.com/gallery/best-bed-pillows,
['2018-04-19 00:00:00'],cf8a8af4bb4fbb4c96b720caa76b3d779aad4ca0,a1f1-4db4-aeed,Period Skin Care Companies maternity skin care,https://www.allure.com/story/cvs-beauty-in-real-life-campaign,
['2018-04-16 00:00:00'],4d982f16920035cc464c93e9c19e0e15d1522b79,a1f1-4db4-aeed,Period Skin Care Companies maternity skin care,https://www.allure.com/story/buy-handmade-unicorn-bath-bombs-etsy-shop,
['2017-12-21 00:00:00'],2523c93a4508806d941628ba6d3e4deea2fca5f0,a1f1-4db4-aeed,Period Skin Care Companies maternity skin care,https://www.allure.com/story/blogger-juli-bauer-roth-cystic-acne-before-after-photos,
['2017-06-06 00:00:00'],d5a11eb418c68af65e05d5a76bee3dae0707766f,a1f1-4db4-aeed,Period Skin Care Companies maternity skin care,https://www.allure.com/story/the-cost-of-allure-editors-beauty-routines,
['2018-03-27 00:00:00'],01d9c4acf3a4ebd44a7aec8b51232ec33381f0a0,a1f1-4db4-aeed,Period Skin Care Companies maternity skin care,https://www.allure.com/gallery/best-natural-deodorants,
['2018-03-01 00:00:00'],0b272a80a67919fa5d56033064a5e324b620e6ad,a1f1-4db4-aeed,Period Skin Care Companies maternity skin care,https://www.allure.com/story/succulent-hair-color-trend,
['2017-10-03 00:00:00'],b6fd8fa1cdf1c52c7e98811c8e8ef3610ff2f86f,a1f1-4db4-aeed,Period Skin Care Companies maternity skin care,https://www.allure.com/gallery/breast-cancer-awareness-products,
['2017-04-07 00:00:00'],0f07e8cf0647ad277efafff3660d7d74939681ed,a1f1-4db4-aeed,Period Skin Care Companies maternity skin care,https://www.allure.com/gallery/best-pore-minimizing-products,
['2018-03-06 00:00:00'],bb8fd2619824eec68c7d8ce1dd675f69142e50e3,a1f1-4db4-aeed,Period Skin Care Companies maternity skin care,https://www.allure.com/gallery/best-japanese-beauty-products,
['2017-08-31 00:00:00'],a6538e758d23dd7598d22c713cc5069b035eb8ed,a1f1-4db4-aeed,Period Skin Care Companies maternity skin care,https://www.allure.com/story/why-you-should-wear-antiperspirant-at-night,
['2018-01-10 00:00:00'],f60ebc3db4d6606aa0089b0a0911c7dded15fe1e,a1f1-4db4-aeed,Period Skin Care Companies maternity skin care,https://www.allure.com/story/hair-colors-inspired-by-nature,
['2017-10-12 00:00:00'],bb115053cc94c97dcb98a4f58c748babf7a9593b,a1f1-4db4-aeed,Period Skin Care Companies maternity skin care,https://www.allure.com/story/jennifer-aniston-chapter-one-fragrance-interview,
['2018-02-06 00:00:00'],bab99a5bc3440a237a973af5c6f560029a245750,a1f1-4db4-aeed,Period Skin Care Companies maternity skin care,https://www.allure.com/story/snail-slime-tattoo-aftercare-is-it-safe,
['2018-02-21 00:00:00'],cdbdd15c5cc3f4c42e633f2de7211eb70582d8c6,a1f1-4db4-aeed,Period Skin Care Companies maternity skin care,https://www.allure.com/story/does-blue-hair-make-you-more-attractive,
['2017-09-01 00:00:00'],667f7b687a67cea85f8c93d2527f6f075b475584,a1f1-4db4-aeed,Period Skin Care Companies maternity skin care,https://www.allure.com/story/woman-suffered-skin-condition-from-too-much-steroid-cream,
['2018-02-17 00:00:00'],64f4ee7877258c7599a52423d5727c0114e4a6a2,a1f1-4db4-aeed,Period Skin Care Companies maternity skin care,https://www.allure.com/story/80s-beauty-trends-make-comeback,
['2017-05-16 00:00:00'],ffe6a5c1c708b8de1d0988486ddb5aeeec9a3829,a1f1-4db4-aeed,Period Skin Care Companies maternity skin care,https://www.allure.com/story/dr-pimple-popper-giant-lipoma-extraction,
['2017-08-24 00:00:00'],1994711f94153d62cf05ee95123b2ba2ea190ebe,a1f1-4db4-aeed,Period Skin Care Companies maternity skin care,https://www.allure.com/story/dr-pimple-popper-unicorn-cyst,
['2018-02-22 00:00:00'],919b85c04d9ce05483b462311da072c4c61ef612,a1f1-4db4-aeed,Period Skin Care Companies maternity skin care,https://www.allure.com/story/k-pop-twice-makeup-major-league-baseball-campaign,
['2018-03-14 00:00:00'],9d83a36fd2192d6c6e621e7fe6e3c3572f073e8b,a1f1-4db4-aeed,Period Skin Care Companies maternity skin care,https://www.allure.com/story/plaid-hair-color-technique,
['2017-09-19 00:00:00'],692b44b5c58e7fbc5c379f789e45688e9657ebb7,a1f1-4db4-aeed,Period Skin Care Companies maternity skin care,https://www.allure.com/story/sleep-sex-happiness-keys-study,
['2017-08-18 00:00:00'],d9992ee27b9a8404d37a42e7a9a473094ac8caf7,a1f1-4db4-aeed,Period Skin Care Companies maternity skin care,https://www.allure.com/story/dr-pimple-popper-blackhead-extraction-video,
['2018-01-29 00:00:00'],0d673a7126a70925f37370f346b28eec8426b6dd,a1f1-4db4-aeed,Period Skin Care Companies maternity skin care,https://www.allure.com/story/nickelodeon-eye-shadow-palette,
['2017-04-18 00:00:00'],11b457abf5a12041bb209b305dad25e34bf0d20f,a1f1-4db4-aeed,Period Skin Care Companies maternity skin care,https://www.allure.com/story/snapchat-world-lenses,
['2018-03-07 00:00:00'],4311707a3c808fc8d1e63cb23421902d4311d0d4,a1f1-4db4-aeed,Period Skin Care Companies maternity skin care,https://www.allure.com/story/how-to-wear-yellow-eye-shadow,
['2017-10-30 00:00:00'],619b94330050bfcd9f5ccc3663b5b73344e037be,a1f1-4db4-aeed,Period Skin Care Companies maternity skin care,https://www.allure.com/story/why-sexual-assault-survivors-come-forward-all-at-once,
['2017-11-15 00:00:00'],de9788f0b0485b85f32a145d99af04091ec7e1d6,a1f1-4db4-aeed,Period Skin Care Companies maternity skin care,https://www.allure.com/story/watch-100-year-olds-give-career-advice,
['2018-02-08 00:00:00'],71fe90b74b0e882803b86b7c2412ddcfe102498c,a1f1-4db4-aeed,Period Skin Care Companies maternity skin care,https://www.allure.com/gallery/pink-makeup-looks,
['2017-12-05 00:00:00'],70808ee171e36c35dd0e2863362f2624d92397ce,a1f1-4db4-aeed,Period Skin Care Companies maternity skin care,https://www.allure.com/story/victorias-secret-copied-pat-mcgrath-labs-packaging,
['2017-07-31 00:00:00'],4167fc8ac7a77a64b8eb4e1a1acd6e6657e9d5c6,a1f1-4db4-aeed,Period Skin Care Companies maternity skin care,https://www.allure.com/story/giant-pimple-pop,
['2017-10-10 00:00:00'],25d1dd0301fb46ee1644928900d688107f0bd028,a1f1-4db4-aeed,Period Skin Care Companies maternity skin care,https://www.allure.com/story/vampire-costume-makeup-tutorial,
['2018-03-15 00:00:00'],1a3efbf051a4f192dfdcfe9ee8f9bdda8a7ab421,a1f1-4db4-aeed,Period Skin Care Companies maternity skin care,https://www.allure.com/story/purple-hair-color-trends-taro-bubble-tea-smoked-velvet,
['2018-03-26 00:00:00'],dff6d9b4998c233e5194ba4c4afaaa05fcbff986,a1f1-4db4-aeed,Period Skin Care Companies maternity skin care,https://www.allure.com/story/kylie-jenner-lob-haircut,
['2017-04-04 00:00:00'],a0cf106ee6ce331a7e6661af7fcc46d3b560e3ef,a1f1-4db4-aeed,Period Skin Care Companies maternity skin care,https://www.allure.com/story/equal-pay-day-twitter,
['2017-11-13 00:00:00'],f0819cc84e12bebb0bab1090e1f69d2cd8b07000,a1f1-4db4-aeed,Period Skin Care Companies maternity skin care,https://www.allure.com/gallery/get-brighter-skin-vitamin-c,
['2018-01-18 00:00:00'],8c9c950ca633bf546a6b93f36674d5a733b208c5,a1f1-4db4-aeed,Period Skin Care Companies maternity skin care,https://www.allure.com/gallery/ten-concealers-under-20,
['2018-01-23 00:00:00'],fa0742e8d77e8b091f01eb8da3b8533c0f5d7a3a,a1f1-4db4-aeed,Period Skin Care Companies maternity skin care,https://www.allure.com/gallery/best-foundations-for-acne-prone-skin,
['2017-10-06 00:00:00'],11ca63dedea3225ded56c8f022bde9497cc20c5c,a1f1-4db4-aeed,Period Skin Care Companies maternity skin care,https://www.allure.com/gallery/best-new-fall-fragrances-2015,
['2017-05-25 00:00:00'],f8321b6a5bff1d3f06b046b7d805c0486b550bc6,a1f1-4db4-aeed,Period Skin Care Companies maternity skin care,https://www.allure.com/story/growing-up-on-welfare-shaped-beauty-career,
['2017-05-26 00:00:00'],bfdf39562513cdf98193aa7e6189e489619fc640,a1f1-4db4-aeed,Period Skin Care Companies maternity skin care,https://www.allure.com/story/dr-pimple-popper-pop-lipoma-womans-back,
['2017-12-28 00:00:00'],f9b2838bc2e5bd6496420ae13c140e9ec20d2d6a,a1f1-4db4-aeed,Period Skin Care Companies maternity skin care,https://www.allure.com/gallery/best-retinoids-under-30,
['2018-04-10 00:00:00'],55aca8690a2720548396cf9b71e5eb7f6d954f11,a1f1-4db4-aeed,Period Skin Care Companies maternity skin care,https://www.allure.com/gallery/ten-heat-protectants-under-20,
['2018-01-04 00:00:00'],4457440eea1b01cc2f94431c8afbdb0ba775db1c,a1f1-4db4-aeed,Period Skin Care Companies maternity skin care,https://www.allure.com/story/lip-liner-tattoo,
['2017-03-26 00:00:00'],2f58c2001431c214b12747278bc58e9df148d226,a1f1-4db4-aeed,Period Skin Care Companies maternity skin care,https://www.allure.com/story/adult-cystic-acne-accutane,
['2017-10-18 00:00:00'],95d7123be92e0977b7737f688db5caeea136110d,a1f1-4db4-aeed,Period Skin Care Companies maternity skin care,https://www.allure.com/story/smashbox-cosmetics-50-percent-off-sale-macys,
['2018-02-10 00:00:00'],9a1372219d09b46a765b85285ac832325ac7ec66,a1f1-4db4-aeed,Period Skin Care Companies maternity skin care,https://www.allure.com/story/dad-cuts-daughters-hair-punishment-highlights,
['2018-03-02 00:00:00'],735f0894db0dce3c29defa4820769bc798227afc,a1f1-4db4-aeed,Period Skin Care Companies maternity skin care,https://www.allure.com/story/weird-haircut-challenges-beauty-standards,
['2017-11-03 00:00:00'],3c6ce72a60d2fed51cdcb8b6cc0e2f04a58dc9cf,a1f1-4db4-aeed,Period Skin Care Companies maternity skin care,https://www.allure.com/story/retinoids-topical-steroids-irritation-study,
['2016-10-04 00:00:00'],a004d05c442fbcfa77a04898ccfd3bd21db5fe03,a1f1-4db4-aeed,Period Skin Care Companies maternity skin care,https://www.allure.com/story/allure-editors-acne-treatments?mbid_relatedlink=&intcid=inline_amp,
['2017-10-23 00:00:00'],25c1bfbdc5cfb9f6355c45660fa04038d36f9f85,a1f1-4db4-aeed,Period Skin Care Companies maternity skin care,https://www.allure.com/story/viral-glass-skin-skin-care-routine,
['2017-11-17 00:00:00'],ab62b9d63cdaa047b0a7acaa61879023cdfbdb56,a1f1-4db4-aeed,Period Skin Care Companies maternity skin care,https://www.allure.com/story/comedian-cat-cohen-weird-beauty-products-reviews,
['2018-01-16 00:00:00'],2817681ba7afc7777a30af509eed9264fb096d5f,a1f1-4db4-aeed,Period Skin Care Companies maternity skin care,https://www.allure.com/story/bad-sex-sexual-assault-rape-culture,
['2017-09-12 00:00:00'],07c47105530606a00b62fb23410c2f393ed2fdeb,a1f1-4db4-aeed,Period Skin Care Companies maternity skin care,https://www.allure.com/story/how-to-get-glass-skin-korean-beauty,
['2018-01-27 00:00:00'],07b1b4b5c8bd8f0eeb86b1565fa5a58387d90a4e,a1f1-4db4-aeed,Period Skin Care Companies maternity skin care,https://www.allure.com/story/beauty-bakerie-inclusive-makeup-brand?intcid=inline_amp,
['2018-03-05 00:00:00'],1f71e40f78c318d699c82c83a7839b79694fa570,a1f1-4db4-aeed,Period Skin Care Companies maternity skin care,https://www.allure.com/story/taking-selfies-distort-nose-image-study,
['2018-02-05 00:00:00'],4e92ddc0cf9ee0415cbc984d4c70b6b41a2cd303,a1f1-4db4-aeed,Period Skin Care Companies maternity skin care,https://www.allure.com/story/kylie-cosmetics-posie-k-anniversary-lip-trio-launch,
['2017-04-24 00:00:00'],7bed21cc9a4c9c47e4ce0c797d4c3178ee39fce4,a1f1-4db4-aeed,Period Skin Care Companies maternity skin care,https://www.allure.com/story/stealthing-removing-condom-without-partners-consent-sexual-assault,
['2018-04-03 00:00:00'],4aa25c16ba15870b73324275222675cd37da2057,a1f1-4db4-aeed,Period Skin Care Companies maternity skin care,https://www.allure.com/story/bliss-skin-care-products-relaunch-target,
['2016-07-29 00:00:00'],8ee54cebf883d814d7b9043ad003b9e68c95ede7,a1f1-4db4-aeed,Period Skin Care Companies maternity skin care,https://www.allure.com/story/julep-launching-in-store-at-ulta,
['2018-01-07 00:00:00'],d0b94900729522feb51b9b949dc2ac2810688787,a1f1-4db4-aeed,Period Skin Care Companies maternity skin care,https://www.allure.com/gallery/golden-globes-redheads-red-lipstick-trend,
['2017-12-03 00:00:00'],5e0d639233345937d5dcbec4a754fcceed89aeba,a1f1-4db4-aeed,Period Skin Care Companies maternity skin care,https://www.allure.com/story/colourpop-stocking-stuffer-set,
,0d746fb20d90d839aecfc58f4de444f7c2ed0340,a1f1-4db4-aeed,Period Skin Care Companies maternity skin care,https://www.allure.com/gallery/box-braids-hair-inspiration,"[""Frayed Ends Leave it to wunderkind Amandla Stenberg to put her own twist on classic box braids. For a unique look, take a page from her book and pull out the ends of your box braids for a cool crimped effect. You can even opt for braiding hair in a bright or pastel hue if you're feeling daring. facebook dialog Pinterest Davina /Instagram Box Braid Bob Long, flowy braids are cute, but sometimes they can get a bit too heavy. Davina of The London Curls makes a case for the iconic face-framing box braid bob style. They're incredibly easy to maintain, won't weigh down your hair, and serve a really cute '90s vibe at the same time. facebook dialog Pinterest Candace /Instagram Spunky Space Buns Have a bit of fun with these quirky space buns à la Scary Spice from the internationally popular girl group, Spice Girls. Candance, otherwise known as Naturally Candance on the interwebs made the popular style her own by incorporating three buns instead of two, and letting some of her hair down in the back.""]"
['2017-10-22 00:00:00'],48c59941ce087e045bc13c10242f394c81444a56,a1f1-4db4-aeed,Period Skin Care Companies maternity skin care,https://www.allure.com/story/huda-beauty-faux-filter-foundation-inclusive-photo,
['2017-07-14 00:00:00'],b447d9875f0d30d86788a05068889600eb6437e7,a1f1-4db4-aeed,Period Skin Care Companies maternity skin care,https://www.allure.com/story/carefree-rich-girl-summer-style,
['2018-03-23 00:00:00'],04c44f878df834ef3fb0b560f1bc562ca9377c1f,a1f1-4db4-aeed,Period Skin Care Companies maternity skin care,https://www.allure.com/gallery/best-international-skin-care-products,
['2018-04-02 00:00:00'],9e3ca78ca36970e68e5249ec24b0d8aa93d36e12,a1f1-4db4-aeed,Period Skin Care Companies maternity skin care,https://www.allure.com/story/what-is-condom-snorting-challenge,
['2017-11-29 00:00:00'],85a12c93fbf08f2bfe88c6f10f62e36996cf096b,a1f1-4db4-aeed,Period Skin Care Companies maternity skin care,https://www.allure.com/story/matt-lauer-anne-hathaway-today-show-2012-interview-resurfaced,
['2017-09-25 00:00:00'],addeb0c6140d7c470d53dcf4ec747a84931490c9,a1f1-4db4-aeed,Period Skin Care Companies maternity skin care,https://www.allure.com/story/kylie-jenner-glitter-makeup,
['2017-10-24 00:00:00'],2fe9a9a27d7b00f6421dfe5cd12c417254454d6c,a1f1-4db4-aeed,Period Skin Care Companies maternity skin care,https://www.allure.com/story/beauty-haus-video-red-wine-bath-skin-benefits,
['2017-12-18 00:00:00'],04e6dad6a32247623565e5abd34fdae822e94e12,a1f1-4db4-aeed,Period Skin Care Companies maternity skin care,https://www.allure.com/story/nails-inc-incredible-new-makeup-line,
['2017-11-07 00:00:00'],be76b59c920b18877beccc11c62e9b3e9106526e,a1f1-4db4-aeed,Period Skin Care Companies maternity skin care,https://www.allure.com/story/urban-decay-fenty-beauty-holiday-eye-palettes-comparison,
['2018-03-04 00:00:00'],6faf4e329d00ea8b6e8112b3ce97808172b56f8e,a1f1-4db4-aeed,Period Skin Care Companies maternity skin care,https://www.allure.com/story/viola-davis-curls-oscars-2018,
['2017-07-11 00:00:00'],6e9617685d83fd3ea5838907caeb95b2f648cecd,a1f1-4db4-aeed,Period Skin Care Companies maternity skin care,https://www.allure.com/story/viral-boss-email-using-sick-days-mental-health,
['2017-09-18 00:00:00'],cb09283dffab6efcbb2f1a58243e7fcdc99f3500,a1f1-4db4-aeed,Period Skin Care Companies maternity skin care,https://www.allure.com/gallery/best-of-beauty-makeup-brush-hot-tool-winners,
['2017-10-27 00:00:00'],eb58fa4f808dc30edf04389b708cb5707eaa3108,a1f1-4db4-aeed,Period Skin Care Companies maternity skin care,https://www.allure.com/story/elf-anastasia-beverly-hills-dipbrow-alternative,
['2018-02-15 00:00:00'],0b19977c08dcecff1fff8cd68e4476bd29c7ba9d,a1f1-4db4-aeed,Period Skin Care Companies maternity skin care,https://www.allure.com/story/kendall-jenner-anxiety-attack-calls-mom-kris,
['2017-10-29 00:00:00'],1d4a2b9c8acc15f5d7c177a65706899f09286014,a1f1-4db4-aeed,Period Skin Care Companies maternity skin care,https://www.allure.com/story/mac-cosmetics-holiday-rose-gold-brush-set,
['2017-03-03 00:00:00'],257c35b8a96cafa6079d4848fbb7adf0dd9414c4,a1f1-4db4-aeed,Period Skin Care Companies maternity skin care,https://www.allure.com/story/prosecco-pop-becomes-a-permanent-addition-to-the-becca-cosmetics-family,
['2016-11-15 00:00:00'],28ed8de83de976977bfdd075b6af00843b598a61,a1f1-4db4-aeed,Period Skin Care Companies maternity skin care,https://www.allure.com/story/hand-model-habits,
['2017-06-27 00:00:00'],a75a678f4d07a3a1d5346736893559d01dbec5e0,a1f1-4db4-aeed,Period Skin Care Companies maternity skin care,https://www.allure.com/gallery/4th-of-july-hair-accessories,
['2017-10-26 00:00:00'],7c7cc7747c02c4f75e08e268e0f8984b262648e0,a1f1-4db4-aeed,Period Skin Care Companies maternity skin care,https://www.allure.com/story/chrissy-teigen-not-sorry-snapchat-nip-slip,
['2018-01-21 00:00:00'],fb3a0d41646a90523dad1f2a42b4644c0d0ff3d2,a1f1-4db4-aeed,Period Skin Care Companies maternity skin care,https://www.allure.com/story/womens-march-celebrities-who-attended-photos,
['2017-11-02 00:00:00'],cba675fd9c383ace8c697e7d8ea76d781dfa1f4a,a1f1-4db4-aeed,Period Skin Care Companies maternity skin care,https://www.allure.com/story/apple-brassiere-cleavage-iphone-photos-category,
['2017-08-01 00:00:00'],adc231f7b873c91358b5929a22e90477198294dd,a1f1-4db4-aeed,Period Skin Care Companies maternity skin care,https://www.allure.com/gallery/best-foundations-under-20,
['2017-09-03 00:00:00'],01c4eeeb6e168986ca3b7dd1e473d34361c80826,a1f1-4db4-aeed,Period Skin Care Companies maternity skin care,https://www.allure.com/story/nars-man-ray-holiday-collection,
['2016-12-25 00:00:00'],11b0aab075ddcd48702a539d68829796f0277ec4,a1f1-4db4-aeed,Period Skin Care Companies maternity skin care,https://www.allure.com/story/7-things-becca-cosmetics?mbid_relatedlink,
['2017-09-27 00:00:00'],d3dad48ba566b4a183adde78c8b3211611969c8b,a1f1-4db4-aeed,Period Skin Care Companies maternity skin care,https://www.allure.com/story/how-to-avoid-a-bad-dye-job,
['2017-08-22 00:00:00'],0f21c28f31f55c4a0a44b8df67ef7b4e1b4aa270,a1f1-4db4-aeed,Period Skin Care Companies maternity skin care,https://www.allure.com/story/pregnancy-announcement-reaction-viral-video,
['2016-11-20 00:00:00'],d25430b778c5d4c0d0d6be93179b6f7d8164f4a1,a1f1-4db4-aeed,Period Skin Care Companies maternity skin care,https://www.allure.com/story/john-legend-glittery-jacket-american-music-awards-2016,
['2018-01-31 00:00:00'],586f0e60316f8312d0828435756e5196f39c3170,a1f1-4db4-aeed,Period Skin Care Companies maternity skin care,https://www.allure.com/story/kristin-ess-rose-gold-temporary-tint-pink-hair-review-photos,
['2017-06-19 00:00:00'],fd0ac187eff7c42254e2d5390b2c204a945588c0,a1f1-4db4-aeed,Period Skin Care Companies maternity skin care,https://www.allure.com/story/mens-catcalling-street-harassment-reasons-study?intcid=inline_amp,
['2017-06-03 00:00:00'],b1fde88ddd302c81786f193923c835731429c769,a1f1-4db4-aeed,Period Skin Care Companies maternity skin care,https://www.allure.com/story/too-faced-jerrod-blandino-britney-spears,
['2017-08-29 00:00:00'],32cbb1a4dd3d4403d12d3877a2660f1f7cbabb5f,a1f1-4db4-aeed,Period Skin Care Companies maternity skin care,https://www.allure.com/story/britney-spears-makeup-free-selfie,
['2017-08-10 00:00:00'],67eb8d67e14f50c6eef85967d85a102ed578ad47,a1f1-4db4-aeed,Period Skin Care Companies maternity skin care,https://www.allure.com/story/naturallytash-temporary-hair-color-natural-hair,
['2018-02-27 00:00:00'],5d5e73c644196f74c6ce961595aaf33cce63e51a,a1f1-4db4-aeed,Period Skin Care Companies maternity skin care,https://www.allure.com/story/how-to-layer-your-skin-care-products,
['2016-06-28 00:00:00'],14d348159ddb5a665129a78dd783778d4ee0311c,a1f1-4db4-aeed,Period Skin Care Companies maternity skin care,https://www.allure.com/story/naomi-campbell-nelson-mandela-introduction,
['2017-04-15 00:00:00'],483fa9b05322ece337fc7af137058c22e0cdec05,a1f1-4db4-aeed,Period Skin Care Companies maternity skin care,https://www.allure.com/story/oribe-fun-facts,
['2017-09-26 00:00:00'],d2c22a9c30c53e1e1c8c749811fc8eb6e14eb7d0,a1f1-4db4-aeed,Period Skin Care Companies maternity skin care,https://www.allure.com/story/iskra-lawrence-posing-instagram-photos,
['2017-12-13 00:00:00'],746f2061c6c8f7b51fbc4be58a7a6c09c34afdb4,a1f1-4db4-aeed,Period Skin Care Companies maternity skin care,https://www.allure.com/story/viral-all-natural-acne-skin-care-routine,
['2017-02-13 00:00:00'],d94655d0fb506e0cf25376c04435a5f094e9b0e0,a1f1-4db4-aeed,Period Skin Care Companies maternity skin care,https://www.allure.com/story/katy-perry-shoes-collection-hillary-clinton,
['2016-11-23 00:00:00'],8b2a8dc757b452ba6ea76bbda1044ac3910845a6,a1f1-4db4-aeed,Period Skin Care Companies maternity skin care,https://www.allure.com/story/suratt-beauty-new-shadow-and-blush-shades,
['2017-01-02 00:00:00'],86e93c176fdd21abf6620bba6439daa9287b6581,a1f1-4db4-aeed,Period Skin Care Companies maternity skin care,https://www.allure.com/story/huesbox-for-women-of-color,
['2016-06-01 00:00:00'],935a145aca30264b76d0f229ad03b84a1e71c4eb,a1f1-4db4-aeed,Period Skin Care Companies maternity skin care,https://www.allure.com/gallery/kerry-washington-style,
['2017-10-17 00:00:00'],567c66406bc896037e93d82dc28f94fd8e5b445d,a1f1-4db4-aeed,Period Skin Care Companies maternity skin care,https://www.allure.com/story/kerry-washington-different-concealer-for-each-day-scandal,
['2016-06-30 00:00:00'],04d81e8ce082811740ccbfbca40a9123e544ee62,a1f1-4db4-aeed,Period Skin Care Companies maternity skin care,https://www.allure.com/story/guide-to-becoming-a-better-person,
['2016-07-27 00:00:00'],303f94dd5ff8c5043a24367b6781684b9ea0e4c9,a1f1-4db4-aeed,Period Skin Care Companies maternity skin care,https://www.allure.com/story/best-lightweight-summer-body-lotions,
['2017-09-11 00:00:00'],4e5e5b28c87e831b570dc6273802e5b377717a5a,a1f1-4db4-aeed,Period Skin Care Companies maternity skin care,https://www.allure.com/story/nyfw-ss18-anna-sui-easiest-glitter-eye-makeup,
['2017-08-28 00:00:00'],f6e5e646442bc948e3b87eb333866fef92ee24ef,a1f1-4db4-aeed,Period Skin Care Companies maternity skin care,https://www.allure.com/story/dancer-glitter-jacob-plant-about-you,
['2016-11-04 00:00:00'],6dd866fc1d59cec93ee612075c484f4c8d2e3997,a1f1-4db4-aeed,Period Skin Care Companies maternity skin care,https://www.allure.com/story/kat-von-d-bow-n-arrow-set-makeup-101?mbid_relatedlink,
['2017-09-21 00:00:00'],824a9b76fb55711f6c31a37ebda861316f709a91,a1f1-4db4-aeed,Period Skin Care Companies maternity skin care,https://www.allure.com/story/woman-with-large-birthmark-covering-her-face-refuses-to-cover-it,
['2017-06-09 00:00:00'],cc2d085e181e737f237c6cdd325b82d1c2870366,a1f1-4db4-aeed,Period Skin Care Companies maternity skin care,https://www.allure.com/story/ish-shimmy-shadow-glitter-makeup,
['2017-06-12 00:00:00'],8865453c115ae8ce06ae9900d9dd3722b644ef9c,a1f1-4db4-aeed,Period Skin Care Companies maternity skin care,https://www.allure.com/story/pat-mcgrath-lust-mattetrance-lipsticks,
['2016-11-07 00:00:00'],b9ce61c5efd50513b7a558c9c44678c3bb567a57,a1f1-4db4-aeed,Period Skin Care Companies maternity skin care,https://www.allure.com/story/tarte-limited-edition-tarteist-pro-eye-jewels-glitter-liner-holiday-makeup,
['2016-09-09 00:00:00'],830b64618605cd2dfa5f384b0b2901193039690a,a1f1-4db4-aeed,Period Skin Care Companies maternity skin care,https://www.allure.com/story/nyfw-wants-us-to-be-ballet-dancers-trend,
['2017-02-17 00:00:00'],15616c21fd4bddac868080bd3e340b90259b97f6,a1f1-4db4-aeed,Period Skin Care Companies maternity skin care,https://www.allure.com/story/update-on-dangerous-college-campus-indoor-tanning,
['2017-03-22 00:00:00'],c9d5d8408ce91cda60ab1209ce2945e4351b51bc,a1f1-4db4-aeed,Period Skin Care Companies maternity skin care,https://www.allure.com/story/homeless-man-life-changing-makeover,
['2018-03-12 00:00:00'],1dc21e57cde0e5c11aa9eca1c3af59f551e679f2,a1f1-4db4-aeed,Period Skin Care Companies maternity skin care,https://www.allure.com/story/skin-cancer-selfies-warning-tanning-beds,
['2017-01-23 00:00:00'],9fcef8d22a97567de253ca89d567438d0548d0fb,a1f1-4db4-aeed,Period Skin Care Companies maternity skin care,https://www.allure.com/story/kylie-cosmetics-koko-kollection?mbid_relatedlink,
['2017-08-23 00:00:00'],c15883eec1b00f4c7f3846917edb39ed4a1e8875,a1f1-4db4-aeed,Period Skin Care Companies maternity skin care,https://www.allure.com/story/lipslut-fuck-trump-lipstick-charlottesville-donation,
['2017-04-05 00:00:00'],a28532b0d2e8c8e3e25dd146d10e87d88ac9fb7c,a1f1-4db4-aeed,Period Skin Care Companies maternity skin care,https://www.allure.com/story/people-addicted-to-tanning-other-addictions-study,
['2017-10-11 00:00:00'],bd77810a9ca34a5d13550e5bcfbfd1a79a863495,a1f1-4db4-aeed,Period Skin Care Companies maternity skin care,https://www.allure.com/story/lush-cosmetics-holiday-collection-2017,
['2018-01-12 00:00:00'],500d070f815ea0ef16865a18f8c0ab3418c243c8,a1f1-4db4-aeed,Period Skin Care Companies maternity skin care,https://www.allure.com/gallery/best-hair-masks-under-20,
['2018-01-11 00:00:00'],70ff196a20d722c66cbdda53d2c526152a7c2686,a1f1-4db4-aeed,Period Skin Care Companies maternity skin care,https://www.allure.com/gallery/best-redness-reducing-face-masks,
['2017-09-30 00:00:00'],8742dce700c36faae5e2388057aec818c65533f5,a1f1-4db4-aeed,Period Skin Care Companies maternity skin care,https://www.allure.com/gallery/best-beauty-products-backstage-fashion-week,
['2016-10-27 00:00:00'],80e161620341e09dac6c3dbf3dbec6f4efd92169,a1f1-4db4-aeed,Period Skin Care Companies maternity skin care,https://www.allure.com/story/facebook-live-filters,
,4464d26cc25f2e0ea582c8613f9e333ddc6c6977,a1f1-4db4-aeed,Period Skin Care Companies maternity skin care,https://www.allure.com/gallery/how-to-get-rid-of-bloating,"[""Check Your Medicine Cabinet Like alcohol, certain drugs can affect the body's ability to hold on to water. Birth control pills, steroids, and even ibuprofen are the worst offenders. It's tempting to chalk up bloating to your diet, but if you're on a new medication and notice that you feel puffy or crampy, you might want to discuss other options with your doctor. You should also talk to your physician if you've changed your diet and other habits and still feel bloated. It could be a sign that something more serious is going on.""]"
['2017-08-26 00:00:00'],08ae0a9b1c9cc1e465049b718e9249511d33ec2b,a1f1-4db4-aeed,Period Skin Care Companies maternity skin care,https://www.allure.com/story/trump-official-transgender-military-ban,
['2017-08-27 00:00:00'],8a30e45ae4099c417caad4e967fe3e4b67d75ab1,a1f1-4db4-aeed,Period Skin Care Companies maternity skin care,https://www.allure.com/story/transgender-military-members-walk-red-carpet-2017-vmas,
['2017-12-08 00:00:00'],45195e59f1b6bdd171e54bedb3dcb59dcbb717fa,a1f1-4db4-aeed,Period Skin Care Companies maternity skin care,https://www.allure.com/story/fenty-beauty-galaxy-eyeshadow-palette-sale,
['2017-04-02 00:00:00'],f3482fe798e7d0e5fc663c0e0fd01b0b3b07fd1c,a1f1-4db4-aeed,Period Skin Care Companies maternity skin care,https://www.allure.com/story/exercise-could-cut-rate-breast-cancer-recurrence,
['2017-04-26 00:00:00'],dd2f72da3d674ad81ac67934c12cee8075382df4,a1f1-4db4-aeed,Period Skin Care Companies maternity skin care,https://www.allure.com/gallery/modern-pin-up-beauty-tips-from-viva-las-vegas-pageant,
['2017-07-26 00:00:00'],3957db341e87b24339288779ef544ac1c0d6385d,a1f1-4db4-aeed,Period Skin Care Companies maternity skin care,https://www.allure.com/story/ways-to-support-transgender-and-nonbinary-people,
['2017-09-20 00:00:00'],d98a886b479b66ddcb552be210be1f98894ec3dc,a1f1-4db4-aeed,Period Skin Care Companies maternity skin care,https://www.allure.com/story/flare-highlight-technique,
['2017-09-06 00:00:00'],a42cb2da7c303cc5f6ec82cb3db2c69fcd88e5cc,a1f1-4db4-aeed,Period Skin Care Companies maternity skin care,https://www.allure.com/story/cream-soda-hair-color-trend,
['2017-12-16 00:00:00'],f83e5447ad182f93b1f2d422d1aabeec15a9a526,a1f1-4db4-aeed,Period Skin Care Companies maternity skin care,https://www.allure.com/story/shadow-roots-hair-color-trend,
['2016-08-12 00:00:00'],83a519fc23ff773f71fa50613b8259fb4b8dde13,a1f1-4db4-aeed,Period Skin Care Companies maternity skin care,https://www.allure.com/story/new-way-to-wear-pearls,
['2017-10-13 00:00:00'],b20a8d4585ad036e9d944860ef50268859786301,a1f1-4db4-aeed,Period Skin Care Companies maternity skin care,https://www.allure.com/story/fake-blood-winged-eyeliner-halloween,
['2016-09-27 00:00:00'],38e134ceb8964a92ef9bc87ba876408356b9d755,a1f1-4db4-aeed,Period Skin Care Companies maternity skin care,https://www.allure.com/story/exercise-anti-aging-link?intcid=inline_amp,
['2016-12-27 00:00:00'],0a7aadee68a7e9f806a1e6789e3ce25b77b5a12c,a1f1-4db4-aeed,Period Skin Care Companies maternity skin care,https://www.allure.com/story/sunday-riley-ceo-moisturizer-launch,
['2017-10-09 00:00:00'],cf4ae6c7159a4f7edc919563271a71e782da6302,a1f1-4db4-aeed,Period Skin Care Companies maternity skin care,https://www.allure.com/story/makeup-only-halloween-costumes?intcid=inline_amp,
['2017-06-18 00:00:00'],3a15ffac2bb4c33c062e1e62f0351c2df453a6fa,a1f1-4db4-aeed,Period Skin Care Companies maternity skin care,https://www.allure.com/gallery/10-products-for-instant-healthy-hair,
['2017-05-04 00:00:00'],183539535764eb48da6b8c6ea5af12c5d474827a,a1f1-4db4-aeed,Period Skin Care Companies maternity skin care,https://www.allure.com/story/sexual-assault-pre-existing-condition-republican-health-care-plan,
['2017-10-21 00:00:00'],771903eccf7575a53fcc01031cd9e1aa11ed5daf,a1f1-4db4-aeed,Period Skin Care Companies maternity skin care,https://www.allure.com/story/boscia-luminizing-pink-mask-bubble-gum,
['2017-10-04 00:00:00'],a210641a63e2930f363b2ce127b4e75b1752c2e4,a1f1-4db4-aeed,Period Skin Care Companies maternity skin care,https://www.allure.com/story/vitiligo-makeup-artist-halloween-doll-makeup,
,77b0b6c5dbe67a3d3bc1023b2d42652a5825edcf,a1f1-4db4-aeed,Period Skin Care Companies maternity skin care,https://www.allure.com/gallery/false-lashes-for-halloween,"[""Paperself Birds Lashes This UK-based lash brand is nothing short of unique; each lash is intricately cut from paper(!). We're partial to these exotic bird lashes, which were worn by Effie Trinket's character in The Hunger Games, but TBH the entire collection is worth a gander. $17 ( Shop now )""]"
['2017-09-14 00:00:00'],3b252a3a586ecce3040651f95a974e367a630c3c,a1f1-4db4-aeed,Period Skin Care Companies maternity skin care,https://www.allure.com/story/same-clothing-size-selfies,
['2017-07-04 00:00:00'],667df47a0c2b7c0a66195e01013497bbed3200db,a1f1-4db4-aeed,Period Skin Care Companies maternity skin care,https://www.allure.com/story/emily-ratajkowski-says-boobs-too-big-for-work,
['2017-05-15 00:00:00'],42c3e9a1155d122cea7e45a331dc1e457b85c1fd,a1f1-4db4-aeed,Period Skin Care Companies maternity skin care,https://www.allure.com/story/manny-mua-foundation-hacks,
['2016-09-10 00:00:00'],794df68ac247350208434f2e8cd40288dff52ff8,a1f1-4db4-aeed,Period Skin Care Companies maternity skin care,https://www.allure.com/story/best-selling-beauty-products-sephora-august,
['2016-11-21 00:00:00'],13a149fcd9181f1df86140c7009dcf7fdc9e4ef6,a1f1-4db4-aeed,Period Skin Care Companies maternity skin care,https://www.allure.com/gallery/super-long-hair-looks?intcid=inline_amp,
['2018-03-22 00:00:00'],9e3a7b43552284577a3c23e5d2621fb2e7f110e3,a1f1-4db4-aeed,Period Skin Care Companies maternity skin care,https://www.allure.com/story/kristan-serafino-hollywoods-best-groomer-for-men,
['2018-02-19 00:00:00'],aeb29942209421c5478ff45da4b590eb44d8c67a,a1f1-4db4-aeed,Period Skin Care Companies maternity skin care,https://www.allure.com/story/gabriella-papadakis-olympic-wardrobe-malfunction,
['2018-03-29 00:00:00'],7a6abf03e005eea9956abd76f4a0e86d123cc1a8,a1f1-4db4-aeed,Period Skin Care Companies maternity skin care,https://www.allure.com/story/queer-eye-karamo-brown-beauty-hack-ice-cubes,
['2016-08-02 00:00:00'],fb83ef747f16f22cf9d5d38abaefdd805f32d915,a1f1-4db4-aeed,Period Skin Care Companies maternity skin care,https://www.allure.com/gallery/mermaid-crowns,
['2016-08-10 00:00:00'],ddfda6179b5dbb64bc3affcd5701ccfd1268be07,a1f1-4db4-aeed,Period Skin Care Companies maternity skin care,https://www.allure.com/story/beauty-products-sephora-employees-buy,
['2017-05-19 00:00:00'],92e0e56a00126202208948f1ebf942ededcc916c,a1f1-4db4-aeed,Period Skin Care Companies maternity skin care,https://www.allure.com/story/gianvito-rossi-accused-of-racism-serena-williams,
['2017-02-03 00:00:00'],8042366fd3a6e4e89f4846124fde61ccd19bea1f,a1f1-4db4-aeed,Period Skin Care Companies maternity skin care,https://www.allure.com/story/lily-collins-makeup-free-selfie,
,cb0371bed436c89c3453de77cac059eb846110f0,a1f1-4db4-aeed,Period Skin Care Companies maternity skin care,https://www.allure.com/gallery/5-must-try-overnight-hair-treatments,"['Orlando Pita Play Satin Pillow Overnight Hair Mask This mix of amla, coconut, avocado, and olive oils adds moisture to your hair but won’t leave it weighed down, so it’s great for overnight treatments and deep conditioners. Bonus: This one is especially designed for color and chemically treated hair. $32, ulta.com', 'Perfect Hair Day (PhD) Night Cap Overnight Perfector This lightweight, silicone-free treatment protects against future dryness with very little effort required on your end. Just apply two to three pumps just before bed and style or wash out in the morning. $28, livingproof.com']"
['2018-01-05 00:00:00'],9773e077df03fd1014dd25e023e708bf57ff9a20,a1f1-4db4-aeed,Period Skin Care Companies maternity skin care,https://www.allure.com/story/free-cap-wigs-for-cancer-patients-hair-loss,
['2018-01-30 00:00:00'],fc77f4a45f1a5b6bcda0a6915f53cca5d19675f8,a1f1-4db4-aeed,Period Skin Care Companies maternity skin care,https://www.allure.com/story/cancer-february-horoscope,
['2017-05-31 00:00:00'],eb99f512c1edc1bd94c105e7a45b1312286d7cee,a1f1-4db4-aeed,Period Skin Care Companies maternity skin care,https://www.allure.com/story/vertical-cut-creases-instagram,
['2017-02-15 00:00:00'],7443a8be341e7c5a7b8b3f47ba88bc767b0d74a9,a1f1-4db4-aeed,Period Skin Care Companies maternity skin care,https://www.allure.com/story/the-laura-mercier-lightstruck-prismatic-glow-palette-is-coming-soon,
['2016-10-05 00:00:00'],a61075e8a33e71685c4f79152554f1c93230b5fb,a1f1-4db4-aeed,Period Skin Care Companies maternity skin care,https://www.allure.com/story/natrelle-breast-implants,
['2018-04-01 00:00:00'],80741b0249e4e70f255269b53a4396991de06622,a1f1-4db4-aeed,Period Skin Care Companies maternity skin care,https://www.allure.com/story/bus-driver-braid-girl-hair,
['2018-03-09 00:00:00'],57652c305723e548a8a0799607bd442f19738010,a1f1-4db4-aeed,Period Skin Care Companies maternity skin care,https://www.allure.com/story/winged-eyeliner-trends-instagram?mbid_relatedlink,
,3a0fb2415107d308ec397a8aa75eff2efea0649f,a1f1-4db4-aeed,Period Skin Care Companies maternity skin care,https://www.allure.com/gallery/look-now-red-accents,"['Soft & Stained Wearing red as a stain is equally as eye-catching, and a better option for when the temperature really heats up. The rosy cheeks and lips at Erdem are an excellent example. Makeup artist Andrew Gallimore dabbed a red lipstick onto just the center of the mouth for that ""I\'m still wearing last night\'s makeup"" effect, but we suggest just picking up a bright red stain and skipping the whole lipstick-dabbing thing. It\'s easier, and you don\'t have to worry about putting on too much. We recommend Tarte LipSurgence Matte Lip Tint in Fiery and Stila Cherry Crush Lip & Cheek Stain.', 'Cherry Chocolate Some makeup artists went for a moodier red alternative, like Charlotte Tilbury at Donna Karan, who described the lip color she chose as a ""chocolate brown, coco red."" We admit, the shade sounds a tad intimidating, but when it was paired with dewy skin and bold brows (oh, and that awesome slicked-back ponytail), the models looked ""sexy and strong,"" said Tilbury—and actually inspired us to try the hue for a recent night out. (We swiped on L\'Oréal Paris Colour Riche Lipstick in Pure Burgundy) .']"
['2017-11-01 00:00:00'],6431a1f13e1a282451579f40c4d68eb45716771b,a1f1-4db4-aeed,Period Skin Care Companies maternity skin care,https://www.allure.com/story/platelet-rich-plasma-hair-loss-treatment,
['2017-11-20 00:00:00'],ab17525c38ac5f12a8e0cb6a17e1d344a5dd53ef,a1f1-4db4-aeed,Period Skin Care Companies maternity skin care,https://www.allure.com/story/8-reasons-your-hair-is-breaking-off,
['2017-04-06 00:00:00'],e93c8904638538fd433db9d057cbaf13ac850be0,a1f1-4db4-aeed,Period Skin Care Companies maternity skin care,https://www.allure.com/story/alopecia-crazy-hair-day,
['2018-02-28 00:00:00'],32aacfeda11c35f2082ed4dba325054c31bb9474,a1f1-4db4-aeed,Period Skin Care Companies maternity skin care,https://www.allure.com/story/march-scorpio-horoscope,
['2017-02-18 00:00:00'],90fcdccd900ae627b0c468f0d8c7e26c5b4de26a,a1f1-4db4-aeed,Period Skin Care Companies maternity skin care,https://www.allure.com/gallery/women-who-broke-barriers-in-beauty,
['2018-01-26 00:00:00'],49a09a7a42a4aa63dee5ca78606d1c36f64d0762,a1f1-4db4-aeed,Period Skin Care Companies maternity skin care,https://www.allure.com/story/nyx-epic-ink-liner-sex-proof,
['2017-02-25 00:00:00'],f6ee64e062163c3006f5312113a66c9afbe45adf,a1f1-4db4-aeed,Period Skin Care Companies maternity skin care,https://www.allure.com/gallery/most-flattering-brunette-hair-colors-for-every-skin-tone,
['2017-01-26 00:00:00'],d9ebf1b4a7c1d5f7d9a347a1e0043fe43f7daa1d,a1f1-4db4-aeed,Period Skin Care Companies maternity skin care,https://www.allure.com/story/the-jaclyn-hill-palette-sneak-peek,
['2017-12-12 00:00:00'],aefce3c6185a77c693f78804722b188755a8d62c,a1f1-4db4-aeed,Period Skin Care Companies maternity skin care,https://www.allure.com/story/why-your-hair-hurts?mbid_relatedlink,
['2017-07-21 00:00:00'],3e81cc3d71c152f741e392a77f6067b923299ffb,a1f1-4db4-aeed,Period Skin Care Companies maternity skin care,https://www.allure.com/story/rainbow-hair-transformations-on-natural-hair?intcid=inline_amp,
['2017-05-24 00:00:00'],c5754e3b0ce355b30e405e1a9a981b1e49f68aff,a1f1-4db4-aeed,Period Skin Care Companies maternity skin care,https://www.allure.com/story/queen-elizabeth-essie-ballet-slippers,
,0bce4299ef50db4c33e2a8d23ceda3066c28dfbd,a1f1-4db4-aeed,Period Skin Care Companies maternity skin care,https://www.allure.com/gallery/7-black-owned-cosmetic-brands-to-watch,"['Shea Moisture For Richelieu Dennis, founder of Sundial Brands, the company that makes SheaMoisture , business is a family affair. SheaMoisture is inspired by Dennis’s grandmother, Sofi Tucker, who made shea butter soaps to support her family in Sierra Leone after she became a widow at the age of 19. Dennis founded the brand with his his mother, Mary Dennis, and his former college roommate, Nyema Tubman, to address hair and skin needs he says had been “traditionally ignored by mass market beauty companies.” (The company addressed the issue of exclusion with a buzzy #BreakTheWalls campaign last year.) Shea butter sourced from Ghana plays a role in all of the products, and Dennis has also incorporated the recipes handed down by Tucker into the line. Grandma Sofi probably never imagined that her soap-=making would lead to this kind of success, but we’re guessing SheaMoisture will be around for generations to come. Star product: Coconut & Hibiscus Curl Enhancing Smoothie , an oil-rich styler great for smooth, defined twist-outs.']"
['2017-01-19 00:00:00'],b39d30e7c1183bca59934f96b06c64cd1d36ab12,a1f1-4db4-aeed,Period Skin Care Companies maternity skin care,https://www.allure.com/story/morphe-matte-liquid-lipsticks-are-almost-here,
['2017-10-01 00:00:00'],4d8a4ea7ce379a22a65cd910576c4af702315f9b,a1f1-4db4-aeed,Period Skin Care Companies maternity skin care,https://www.allure.com/story/kim-kardashian-hinted-khloe-kylie-pregnancy-instagram,
['2017-03-23 00:00:00'],6a885e4398d69a0f91061ca0a235a99c1a3e9934,a1f1-4db4-aeed,Period Skin Care Companies maternity skin care,https://www.allure.com/story/the-morphe-ready-set-gold-palette-has-finally-been-released,
['2017-02-14 00:00:00'],ffc3cd93947b797fec0eb570bdae26dfc312b427,a1f1-4db4-aeed,Period Skin Care Companies maternity skin care,https://www.allure.com/story/hairstylists-give-best-hair-advice,
['2017-08-17 00:00:00'],f4ebf5bc20cd4394bc58cad245473d17baf806f5,a1f1-4db4-aeed,Period Skin Care Companies maternity skin care,https://www.allure.com/story/grandmother-hair-transformation,
,0497f15a93494afe32c43782653317bcaf97ffac,a1f1-4db4-aeed,Period Skin Care Companies maternity skin care,https://www.allure.com/gallery/best-smudge-proof-gel-eyeliners,"[""Mua Professional Intense Color Gel Eye Liner $8 ( cvs.com ) Here's a little off-the-radar drugstore brand worth checking out, particularly this budgeproof liner that delivers the same slick glide and saturated color of way pricier pencils. The one caveat: The tip wears down quickly, so plan on frequent sharpening.""]"
['2018-02-09 00:00:00'],10b164a729c22ff763cd511538da57f7175a177b,a1f1-4db4-aeed,Period Skin Care Companies maternity skin care,https://www.allure.com/gallery/editors-favorite-mascaras,
['2017-01-05 00:00:00'],12cc53dd1b924775e1116c57fed8ed87a26d3f60,a1f1-4db4-aeed,Period Skin Care Companies maternity skin care,https://www.allure.com/story/anastasia-beverly-hills-pro-lip-palette-vol-1-launch?mbid_relatedlink,
['2016-09-25 00:00:00'],00fdc3b02ec04ba5f259ea9c013df23995845527,a1f1-4db4-aeed,Period Skin Care Companies maternity skin care,https://www.allure.com/story/digital-detox,
['2017-06-05 00:00:00'],e0b48a98b30942ea642479809816d2a8d5a20545,a1f1-4db4-aeed,Period Skin Care Companies maternity skin care,https://www.allure.com/story/how-conbody-founder-coss-marte-took-his-workouts-from-prison-to-saks-fifth-avenue,
['2017-02-16 00:00:00'],e8327f4ea51c2dceb7b42f7d4412db636b62590f,a1f1-4db4-aeed,Period Skin Care Companies maternity skin care,https://www.allure.com/gallery/under-the-radar-lipstick-brands,
['2016-12-19 00:00:00'],3992d63eb834e1689c2a19a9439aa5528073e0d9,a1f1-4db4-aeed,Period Skin Care Companies maternity skin care,https://www.allure.com/story/lancome-le-metallique-lipstick?mbid_relatedlink,
['2017-09-29 00:00:00'],696bd87dd7dfefe1fcc8bfc5ee07064e1b8499fe,a1f1-4db4-aeed,Period Skin Care Companies maternity skin care,https://www.allure.com/story/ariana-grande-workout-class-hong-kong,
['2017-09-07 00:00:00'],d1ab3c168d6cf6995cd147fb81ecc7e51c67db62,a1f1-4db4-aeed,Period Skin Care Companies maternity skin care,https://www.allure.com/story/huda-kattan-mcdonalds-brows,
['2017-02-11 00:00:00'],b2a30e0860c3a8c6f52248863023d53a1d2d5a0b,a1f1-4db4-aeed,Period Skin Care Companies maternity skin care,https://www.allure.com/story/valentines-day-traditions-around-the-world,
['2016-09-23 00:00:00'],296d34e611a8d7ffc2b59210b01b532f562ec6e1,a1f1-4db4-aeed,Period Skin Care Companies maternity skin care,https://www.allure.com/story/hard-candy-metallic-matte-lipsticks,
['2017-05-01 00:00:00'],283d5abaa015c26d1a1556bf15276288443715a2,a1f1-4db4-aeed,Period Skin Care Companies maternity skin care,https://www.allure.com/story/christian-louboutin-metalinudes-launch,
['2017-05-21 00:00:00'],c4a995ebdb6a81a6727d0f3c341194e1f6ec35fb,a1f1-4db4-aeed,Period Skin Care Companies maternity skin care,https://www.allure.com/story/beyonce-push-party,
['2017-06-23 00:00:00'],9619197d6c20200d478fefc437a7e5c3e8867948,a1f1-4db4-aeed,Period Skin Care Companies maternity skin care,https://www.allure.com/story/observing-ramadan-in-bali-meaning,
['2017-08-30 00:00:00'],93572f8251326c34991ebbba171059a389176012,a1f1-4db4-aeed,Period Skin Care Companies maternity skin care,https://www.allure.com/story/nashville-statement-worst-quotes-condemning-lgbtq-people,
,d75d89547a4f29315633b8da43617be7077f16a2,a1f1-4db4-aeed,Period Skin Care Companies maternity skin care,https://www.allure.com/gallery/valentines-day-gift-ideas?mbid_relatedlink,"[""A Trip to Morocco This year I've made the resolution to stop splurging on clothes so that I can travel as much as possible. I started off the year with an adventure to Iceland , and my next trip is to Marrakech, where I can finally see the Majorelle Garden (shown above). I guess you could consider it a Valentine's Day gift to myself."", 'Sophia Panych, Deputy Digital Beauty Director']"
['2016-02-10 00:00:00'],fa1743cd2351d84f79a7c2e084cd7c87ff38f048,a1f1-4db4-aeed,Period Skin Care Companies maternity skin care,https://www.allure.com/story/colourpop-cosmetics-facts,
['2017-10-08 00:00:00'],3fd07a306a923e16ea0340d281286ccd008a1f1f,a1f1-4db4-aeed,Period Skin Care Companies maternity skin care,https://www.allure.com/story/ariana-grande-grey-hair,
['2017-01-04 00:00:00'],9770deca91b3f014cb90869ea15056cbb115e3a5,a1f1-4db4-aeed,Period Skin Care Companies maternity skin care,https://www.allure.com/story/christian-louboutin-beauty-loubichrome-nail-polish,
['2017-11-08 00:00:00'],507aca798359de61a02616c0bb5d0367bd261291,a1f1-4db4-aeed,Period Skin Care Companies maternity skin care,https://www.allure.com/story/nyfw-ss18-bcbg-max-azria-stila-shimmer-and-glow-liquid-eye-shadow,
['2017-04-10 00:00:00'],00647bdf3b15ccd741a6c7c6dd164c6412b46fc8,a1f1-4db4-aeed,Period Skin Care Companies maternity skin care,https://www.allure.com/story/pregnancy-skin-issues?mbid_relatedlink,
['2017-03-29 00:00:00'],72c42ee41b466b9d2dab58465431728b2e7a80db,a1f1-4db4-aeed,Period Skin Care Companies maternity skin care,https://www.allure.com/gallery/best-new-hair-accessories,
['2017-05-17 00:00:00'],903e92e28c4a543112f1e1408114f012fbb0e44f,a1f1-4db4-aeed,Period Skin Care Companies maternity skin care,https://www.allure.com/story/joss-whedon-short-film-shows-what-losing-planned-parenthood-could-be-like?mbid_relatedlink,
['2016-09-21 00:00:00'],56bb160465abcdae8a4f8fe19026948a46969293,a1f1-4db4-aeed,Period Skin Care Companies maternity skin care,https://www.allure.com/gallery/cool-adjustable-mascara-wands-brushes,
['2018-01-19 00:00:00'],e48f73cbc48de7d2ad50a82e4153b7ad4643a4cf,a1f1-4db4-aeed,Period Skin Care Companies maternity skin care,https://www.allure.com/story/herbivore-botanicals-pink-cloud-rosewater-moisture-cream,
,844d82ecf3080d9d6fbbc540bd8be28dfe44ea30,a1f1-4db4-aeed,Period Skin Care Companies maternity skin care,https://www.allure.com/gallery/best-spring-2014-fashion-week-makeup-looks,"['Red Lips at Altuzarra When makeup artist Tom Pecheux describes a look as ""the best makeup of the season,"" you know it\'s going to be good. The dewy skin, cherry red lips, and whitewashed eyes at Altuzarra were nothing short of ethereal. Pecheux dusted M.A.C. Eye Shadow in Gesso, a chalky powder, on the cheekbones and swiped the same shade on the eyes, applying it lightly with a fluffy brush. ""If you use a brush that\'s the slightest bit hard, you\'re going to create something opaque and look like a panda,"" said Pecheux. ""I wanted it to be pure."" He painted M.A.C. Lip Mix in Red on the lips and topped them with loose red pigment for a velvety finish.']"
['2018-03-20 00:00:00'],abf628fa49b27e5d2fb156806ec9a9cf30614a6d,a1f1-4db4-aeed,Period Skin Care Companies maternity skin care,https://www.allure.com/story/realistic-diamond-lace-front-wig-with-side-part,
['2017-12-27 00:00:00'],1b047e6f6f432ea39a5e63403c4a6169bfa141a5,a1f1-4db4-aeed,Period Skin Care Companies maternity skin care,https://www.allure.com/story/lilly-ghalichi-mir-license-photo-makeup-artist,
['2017-12-22 00:00:00'],bb5b567ffbbb2561ace8ce20d62aa05877c2c04d,a1f1-4db4-aeed,Period Skin Care Companies maternity skin care,https://www.allure.com/story/wearing-makeup-holiday-stress,
,cdd3bd42f6e099577e55bb238e9c7b2d1e23aad8,a1f1-4db4-aeed,Period Skin Care Companies maternity skin care,https://www.allure.com/gallery/dkny,"[""Gotta love matching brights. The show's orangey lip was the same shade as the dress Karlie Kloss wore down the runway.""]"
,58a6e6ee44ad08f710c1935f48b903402c95c2b9,a1f1-4db4-aeed,Period Skin Care Companies maternity skin care,https://www.allure.com/gallery/kakadu-plum-skin-hair-products,"[""DermaDoctor Kakadu C Amethyst Clay Detox Mask It's the color of a grape Popsicle and smells just as sweet, but it's better because it won't stain your whole mouth. In addition to promoting a glow-y, even skin tone (thanks, kakadu plum), this thick mask contains kaolin and bentonite clays to deep clean and absorb oil, glycerin to moisturize, and lactic acid to gently exfoliate. It's so good that you (probably) won't even care that you look like Violet Beauregarde while you're wearing it.""]"
['2018-03-07 00:00:00'],7dbeb3f774619eed3dacafc3f2d0f8f183c63c89,a1f1-4db4-aeed,Period Skin Care Companies maternity skin care,https://www.allure.com/gallery/sephora-new-exclusive-products-30-days-only,"['Benefit Blush Bar Talk about a true blockbuster. This grabbable palette combines Benefit’s iconic blushes and bronzers, like Dandelion and Hoola. The kit also includes a full-size pan of the new Gold Rush blush. $58 ( Shop Now )']"
['2017-04-19 00:00:00'],b05853c5a9f7245b5260503ca567c1620a039c92,a1f1-4db4-aeed,Period Skin Care Companies maternity skin care,https://www.allure.com/story/how-to-become-a-victorias-secret-angel,
,18a0685005aafc0ccc4f074f7ebf5cb132e6e83a,a1f1-4db4-aeed,Period Skin Care Companies maternity skin care,https://www.allure.com/gallery/beauty-editor-sophia-panych-favorite-winners,"[""Make Up for Ever Ultra Hd Invisible Cover Foundation I do a lot of on-camera appearances for Allure and have always relied on Make Up For Ever's HD foundation. But with most cameras (and phones!) changing to 4K lenses, which are even higher-resolution than the HD, I'm switching to the brand's new Ultra HD Invisible Cover Foundation . It has the same great coverage and texture as the original HD Invisible Cover Foundation, but now the pigments look even more invisible on your skin.""]"
['2017-07-24 00:00:00'],54805e5524f041380a9c06550366e70716c6bb70,a1f1-4db4-aeed,Period Skin Care Companies maternity skin care,https://www.allure.com/gallery/find-the-best-haircut-for-your-face-shape,
,ca29fb84bedd6437cfbd8927ddedb7c07b11466c,a1f1-4db4-aeed,Period Skin Care Companies maternity skin care,https://www.allure.com/gallery/celebrity-beauty-and-style-teams,"['Sophia Bush ""No one helped me today. I usually do my own hair and makeup, honestly. Look, hair and makeup are expensive. I also have terrible ADD. When I\'m at home for a day, I want to play with my dogs. I want to make breakfast in my kitchen. I don\'t want to sit in a chair. So I like to get ready as quickly as possible.""']"
['2017-08-25 00:00:00'],5ce4ac3639ce595b9cafd6d2b99d006e43884ea1,a1f1-4db4-aeed,Period Skin Care Companies maternity skin care,https://www.allure.com/gallery/most-flattering-haircuts-for-women-in-their-forties,
['2017-07-22 00:00:00'],8066e716d6b471ad655eca6ba8780eaa7267ecc2,a1f1-4db4-aeed,Period Skin Care Companies maternity skin care,https://www.allure.com/story/beginner-butt-plug-anal-play-advice,
['2016-12-26 00:00:00'],bdd6f665eeb2a4800dbafab7e6e004960ac9d409,a1f1-4db4-aeed,Period Skin Care Companies maternity skin care,https://www.allure.com/gallery/december-2016-editors-favorites-beauty-products,
['2018-02-16 00:00:00'],ceff5356713a169e1c3e2939f83e415c040799f2,a1f1-4db4-aeed,Period Skin Care Companies maternity skin care,https://www.allure.com/gallery/best-new-sex-toys-products-2018-avn-awards,
['2018-01-03 00:00:00'],f9f0b6d1c6579c8b547398679b6dd32f28bf923e,a1f1-4db4-aeed,Period Skin Care Companies maternity skin care,https://www.allure.com/story/selena-gomez-coach-spring-2018-campaign-exclusive-photos,
['2017-10-31 00:00:00'],01b6e579e3d74f6e9a8b07c33e9eedde6f2f5bcb,a1f1-4db4-aeed,Period Skin Care Companies maternity skin care,https://www.allure.com/story/south-korea-incheon-airport-opening-cosmetic-surgery-center,
['2017-11-16 00:00:00'],b0cd249c78844b9f56e187c95f56f6539fccf9ca,a1f1-4db4-aeed,Period Skin Care Companies maternity skin care,https://www.allure.com/story/most-expensive-salon-spa-treatments-review,
['2016-11-19 00:00:00'],2307c35f14de44e440b4f11b13ae7a42760ab539,a1f1-4db4-aeed,Period Skin Care Companies maternity skin care,https://www.allure.com/story/finland-sauna-culture,
['2016-08-09 00:00:00'],50fe2705e94714904be73114391b4da31dad4bc7,a1f1-4db4-aeed,Period Skin Care Companies maternity skin care,https://www.allure.com/story/simone-biles-sparkly-liner-look,
,70e2a410d0a0c889a5698131a400cf59aa590411,a1f1-4db4-aeed,Period Skin Care Companies maternity skin care,https://www.allure.com/gallery/simple-anti-aging-makeup-tricks,"[""Fill in Your Brows Anna Paquin at the Scream 4 premiere in 2011 Our hair gets thinner as we get older, which is why lush, full brows are such a staple of youth. Anna has naturally thick brows, but I still like to fill them in with powder. Choose a shade somewhere between the color of your skin and the color of your brows (I like Laura Mercier Brow Powder Duos ). Never try to reshape your eyebrows with the powder, though—you won't fool anyone."", ""Don't Be Afraid to Shine Milla Jovovich at the Academy Awards in 2012 Most people don't realize that you get a double lift from highlighting the cheekbones. It illuminates the cheeks and brings attention to your eyes. What I like about the shimmer on Milla's cheekbones is that it's soft and subtle. And to make it subtle, it's got to be just the right iridescent shade of peach champagne ( L'Oréal Paris Magic Lumi Highlighter is perfect). If it's too white or too gold, it looks patchy. For dark skin, choose a bronzy hue, like Nars Multiple in South Beach.""]"
['2017-01-10 00:00:00'],73ba56cfea4a959fe4e59813ae3b8f4a8acd7e32,a1f1-4db4-aeed,Period Skin Care Companies maternity skin care,https://www.allure.com/story/new-guerlain-meteorites-pearls-highlighter-launch?mbid_relatedlink,
['2016-09-16 00:00:00'],0cba24f207df9dccda2d83fb8101250eb3cb4055,a1f1-4db4-aeed,Period Skin Care Companies maternity skin care,https://www.allure.com/story/alarm-clock-sex-toy,
,8032ec5631cc21e7823b864a5840d424a3a51be9,a1f1-4db4-aeed,Period Skin Care Companies maternity skin care,https://www.allure.com/gallery/look-now-wavy-hair,"[""Crimped Waves When you think about it, crimped hair is just very ( very ) tight, horizontal waves—space those waves farther apart and you lose the '80s hair-band comparisons. That's exactly what hairstylist Odile Gilbert did at Thakoon, where she used a triple-barrel iron for a crimped effect that felt downright futuristic (thanks to the wet-looking texture and a row of bobby pins across the back of the head). To try the look at home (without buying a crimping iron you'll only break out once a year), French braid your hair before you go to bed—one braid for looser crimps, two for tighter ones. When you wake up and unbraid your hair, you can define the waves and remove any frizz with a dime-size amount of styling cream, like Shu Uemura Art of Hair Cotton Uzu Defining Flexible Cream, run through the midhsaft to ends.""]"
['2016-09-12 00:00:00'],8b732cb3d5300a9ee6e6443f3050b279adad5e3d,a1f1-4db4-aeed,Period Skin Care Companies maternity skin care,https://www.allure.com/story/new-alarm-clock-app,
['2015-11-03 00:00:00'],6860d710f1f6b59f03dad28101b2d785b3608927,a1f1-4db4-aeed,Period Skin Care Companies maternity skin care,https://www.allure.com/gallery/best-energizing-morning-products,
['2016-06-24 00:00:00'],446390bad9cc26e92ca3a627d9c3e2540db2b2f2,a1f1-4db4-aeed,Period Skin Care Companies maternity skin care,https://www.allure.com/story/history-of-massage?intcid=inline_amp,
['2016-08-18 00:00:00'],04c739a44d7677f63c056917f5d459938811d70a,a1f1-4db4-aeed,Period Skin Care Companies maternity skin care,https://www.allure.com/story/paul-mitchell-virtual-hair-app,
['2017-03-07 00:00:00'],445599839100aee39c91b476eb58bd1645549a0b,a1f1-4db4-aeed,Period Skin Care Companies maternity skin care,https://www.allure.com/story/devacurl-buildup-buster,
['2017-12-11 00:00:00'],d5d810eb57003a0aea0bb5630e706764004d43f0,a1f1-4db4-aeed,Period Skin Care Companies maternity skin care,https://www.allure.com/story/meghan-markle-racism-against-biracial-actresses,
['2017-11-27 00:00:00'],a7d433018aa89aaee9ac98b76a32de91f586b8a6,a1f1-4db4-aeed,Period Skin Care Companies maternity skin care,https://www.allure.com/story/meghan-markle-engagement-ring,
['2017-12-07 00:00:00'],f81f60d7716ce3ced69c1daa79602dcf6fc8ccd2,a1f1-4db4-aeed,Period Skin Care Companies maternity skin care,https://www.allure.com/gallery/how-to-pump-up-fine-hair,
